0.000000	51.971226	0.000000	1.729512	0.000000	-0.002204	0.000000	0.000000	1.906000	0.000000	1000.000000	0.520000	0.000000	
0.010000	51.971222	0.000000	1.729493	0.000000	-0.004329	0.000000	0.000000	1.905978	0.000000	1000.000000	1.040000	0.000000	
0.020000	51.971218	0.000000	1.729457	0.000000	-0.006371	0.000000	0.000000	1.905935	0.000000	1000.000000	1.560000	0.000000	
0.030000	51.971215	0.000000	1.729403	0.000000	-0.008324	0.000000	0.000000	1.905871	0.000000	1000.000000	2.080000	0.000000	
0.040000	51.971213	0.000000	1.729335	0.000000	-0.010187	0.000000	0.000000	1.905788	0.000000	1000.000000	2.600000	0.000000	
0.050000	51.971211	0.000000	1.729252	0.000000	-0.011955	0.000000	0.000000	1.905686	0.000000	1000.000000	3.119999	0.000000	
0.060000	51.971210	0.000000	1.729158	0.000000	-0.013627	0.000000	0.000000	1.905566	0.000000	999.999999	3.639999	0.000000	
0.070000	51.971209	0.000000	1.729052	0.000000	-0.015201	0.000000	0.000000	1.905430	0.000000	999.999999	4.159999	0.000000	
0.080000	51.971209	0.000000	1.728937	0.000000	-0.016677	0.000000	0.000000	1.905278	0.000000	999.999998	4.679998	0.000000	
0.090000	51.971209	0.000000	1.728813	0.000000	-0.018054	0.000000	0.000000	1.905111	0.000000	999.999998	5.199998	0.000000	
0.100000	51.971209	0.000000	1.728683	0.000000	-0.019333	0.000000	0.000000	1.904931	0.000000	999.999997	5.719997	0.000000	
0.110000	51.971210	0.000000	1.728546	0.000000	-0.020513	0.000000	0.000000	1.904737	0.000000	999.999995	6.239997	0.000000	
0.120000	51.971211	0.000000	1.728404	0.000000	-0.021597	0.000000	0.000000	1.904532	0.000000	999.999993	6.759996	0.000000	
0.130000	51.971212	0.000000	1.728258	0.000000	-0.022586	0.000000	0.000000	1.904316	0.000000	999.999991	7.279996	0.000000	
0.140000	51.971213	0.000000	1.728110	0.000000	-0.023481	0.000000	0.000000	1.904090	0.000000	999.999988	7.799995	0.000000	
0.150000	51.971215	0.000000	1.727959	0.000000	-0.024285	0.000000	0.000000	1.903856	0.000000	999.999985	8.319995	0.000000	
0.160000	51.971217	0.000000	1.727808	0.000000	-0.025000	0.000000	0.000000	1.903613	0.000000	999.999981	8.839994	0.000000	
0.170000	51.971219	0.000000	1.727656	0.000000	-0.025629	0.000000	0.000000	1.903363	0.000000	999.999976	9.359993	0.000000	
0.180000	51.971222	0.000000	1.727505	0.000000	-0.026176	0.000000	0.000000	1.903106	0.000000	999.999971	9.879993	0.000000	
0.190000	51.971225	0.000000	1.727355	0.000000	-0.026642	0.000000	0.000000	1.902845	0.000000	999.999965	10.399992	0.000000	
0.200000	51.971227	0.000000	1.727207	0.000000	-0.027032	0.000000	0.000000	1.902578	0.000000	999.999958	10.919991	0.000000	
0.210000	51.971230	0.000000	1.727061	0.000000	-0.027350	0.000000	0.000000	1.902308	0.000000	999.999950	11.439990	0.000000	
0.220000	51.971234	0.000000	1.726919	0.000000	-0.027598	0.000000	0.000000	1.902034	0.000000	999.999941	11.959989	0.000000	
0.230000	51.971237	0.000000	1.726780	0.000000	-0.027780	0.000000	0.000000	1.901758	0.000000	999.999931	12.479989	0.000000	
0.240000	51.971240	0.000000	1.726645	0.000000	-0.027901	0.000000	0.000000	1.901481	0.000000	999.999919	12.999988	0.000000	
0.250000	51.971244	0.000000	1.726515	0.000000	-0.027963	0.000000	0.000000	1.901202	0.000000	999.999907	13.519987	0.000000	
0.260000	51.971248	0.000000	1.726389	0.000000	-0.027972	0.000000	0.000000	1.900922	0.000000	999.999893	14.039986	0.000000	
0.270000	51.971252	0.000000	1.726268	0.000000	-0.027930	0.000000	0.000000	1.900642	0.000000	999.999879	14.559985	0.000000	
0.280000	51.971256	0.000000	1.726152	0.000000	-0.027841	0.000000	0.000000	1.900363	0.000000	999.999862	15.079984	0.000000	
0.290000	51.971260	0.000000	1.726042	0.000000	-0.027709	0.000000	0.000000	1.900085	0.000000	999.999845	15.599983	0.000000	
0.300000	51.971264	0.000000	1.725938	0.000000	-0.027539	0.000000	0.000000	1.899808	0.000000	999.999826	16.119983	0.000000	
0.310000	51.971269	0.000000	1.725839	0.000000	-0.027333	0.000000	0.000000	1.899532	0.000000	999.999805	16.639982	0.000000	
0.320000	51.971273	0.000000	1.725746	0.000000	-0.027094	0.000000	0.000000	1.899259	0.000000	999.999783	17.159981	0.000000	
0.330000	51.971278	0.000000	1.725658	0.000000	-0.026828	0.000000	0.000000	1.898988	0.000000	999.999760	17.679980	0.000000	
0.340000	51.971283	0.000000	1.725577	0.000000	-0.026536	0.000000	0.000000	1.898720	0.000000	999.999735	18.199979	0.000000	
0.350000	51.971288	0.000000	1.725502	0.000000	-0.026222	0.000000	0.000000	1.898454	0.000000	999.999708	18.719978	0.000000	
0.360000	51.971293	0.000000	1.725432	0.000000	-0.025890	0.000000	0.000000	1.898192	0.000000	999.999680	19.239978	0.000000	
0.370000	51.971298	0.000000	1.725368	0.000000	-0.025541	0.000000	0.000000	1.897933	0.000000	999.999649	19.759977	0.000000	
0.380000	51.971304	0.000000	1.725310	0.000000	-0.025180	0.000000	0.000000	1.897678	0.000000	999.999618	20.279976	0.000000	
0.390000	51.971309	0.000000	1.725257	0.000000	-0.024808	0.000000	0.000000	1.897426	0.000000	999.999584	20.799976	0.000000	
0.400000	51.971315	0.000000	1.725210	0.000000	-0.024429	0.000000	0.000000	1.897178	0.000000	999.999549	21.319975	0.000000	
0.410000	51.971321	0.000000	1.725168	0.000000	-0.024044	0.000000	0.000000	1.896934	0.000000	999.999512	21.839974	0.000000	
0.420000	51.971327	0.000000	1.725131	0.000000	-0.023657	0.000000	0.000000	1.896693	0.000000	999.999473	22.359974	0.000000	
0.430000	51.971334	0.000000	1.725099	0.000000	-0.023268	0.000000	0.000000	1.896457	0.000000	999.999432	22.879973	0.000000	
0.440000	51.971340	0.000000	1.725071	0.000000	-0.022881	0.000000	0.000000	1.896224	0.000000	999.999390	23.399973	0.000000	
0.450000	51.971347	0.000000	1.725048	0.000000	-0.022496	0.000000	0.000000	1.895995	0.000000	999.999346	23.919973	0.000000	
0.460000	51.971354	0.000000	1.725030	0.000000	-0.022116	0.000000	0.000000	1.895770	0.000000	999.999299	24.439972	0.000000	
0.470000	51.971361	0.000000	1.725015	0.000000	-0.021742	0.000000	0.000000	1.895549	0.000000	999.999251	24.959972	0.000000	
0.480000	51.971369	0.000000	1.725005	0.000000	-0.021376	0.000000	0.000000	1.895331	0.000000	999.999202	25.479972	0.000000	
0.490000	51.971376	0.000000	1.724998	0.000000	-0.021019	0.000000	0.000000	1.895118	0.000000	999.999150	25.999972	0.000000	
0.500000	51.971384	0.000000	1.724994	0.000000	-0.020672	0.000000	0.000000	1.894908	0.000000	999.999096	26.519972	0.000000	
0.510000	51.971392	0.000000	1.724994	0.000000	-0.020335	0.000000	0.000000	1.894701	0.000000	999.999041	27.039972	0.000000	
0.520000	51.971401	0.000000	1.724997	0.000000	-0.020011	0.000000	0.000000	1.894497	0.000000	999.998983	27.559972	0.000000	
0.530000	51.971409	0.000000	1.725002	0.000000	-0.019699	0.000000	0.000000	1.894297	0.000000	999.998924	28.079972	0.000000	
0.540000	51.971418	0.000000	1.725010	0.000000	-0.019400	0.000000	0.000000	1.894100	0.000000	999.998863	28.599972	0.000000	
0.550000	51.971427	0.000000	1.725021	0.000000	-0.019116	0.000000	0.000000	1.893906	0.000000	999.998800	29.119973	0.000000	
0.560000	51.971437	0.000000	1.725033	0.000000	-0.018845	0.000000	0.000000	1.893715	0.000000	999.998735	29.639973	0.000000	
0.570000	51.971447	0.000000	1.725047	0.000000	-0.018589	0.000000	0.000000	1.893527	0.000000	999.998669	30.159974	0.000000	
0.580000	51.971457	0.000000	1.725063	0.000000	-0.018347	0.000000	0.000000	1.893341	0.000000	999.998600	30.679974	0.000000	
0.590000	51.971467	0.000000	1.725080	0.000000	-0.018121	0.000000	0.000000	1.893157	0.000000	999.998530	31.199975	0.000000	
0.600000	51.971477	0.000000	1.725099	0.000000	-0.017909	0.000000	0.000000	1.892976	0.000000	999.998458	31.719976	0.000000	
0.610000	51.971488	0.000000	1.725119	0.000000	-0.017712	0.000000	0.000000	1.892797	0.000000	999.998384	32.239977	0.000000	
0.620000	51.971499	0.000000	1.725140	0.000000	-0.017530	0.000000	0.000000	1.892620	0.000000	999.998308	32.759978	0.000000	
0.630000	51.971511	0.000000	1.725161	0.000000	-0.017363	0.000000	0.000000	1.892445	0.000000	999.998230	33.279979	0.000000	
0.640000	51.971522	0.000000	1.725183	0.000000	-0.017210	0.000000	0.000000	1.892271	0.000000	999.998151	33.799981	0.000000	
0.650000	51.971534	0.000000	1.725206	0.000000	-0.017071	0.000000	0.000000	1.892099	0.000000	999.998069	34.319982	0.000000	
0.660000	51.971547	0.000000	1.725228	0.000000	-0.016946	0.000000	0.000000	1.891928	0.000000	999.997986	34.839984	0.000000	
0.670000	51.971559	0.000000	1.725251	0.000000	-0.016834	0.000000	0.000000	1.891759	0.000000	999.997902	35.359986	0.000000	
0.680000	51.971572	0.000000	1.725274	0.000000	-0.016735	0.000000	0.000000	1.891590	0.000000	999.997815	35.879987	0.000000	
0.690000	51.971586	0.000000	1.725297	0.000000	-0.016649	0.000000	0.000000	1.891423	0.000000	999.997727	36.399989	0.000000	
0.700000	51.971599	0.000000	1.725320	0.000000	-0.016575	0.000000	0.000000	1.891257	0.000000	999.997637	36.919992	0.000000	
0.710000	51.971613	0.000000	1.725342	0.000000	-0.016512	0.000000	0.000000	1.891091	0.000000	999.997545	37.439994	0.000000	
0.720000	51.971627	0.000000	1.725364	0.000000	-0.016461	0.000000	0.000000	1.890926	0.000000	999.997451	37.959996	0.000000	
0.730000	51.971642	0.000000	1.725386	0.000000	-0.016419	0.000000	0.000000	1.890761	0.000000	999.997356	38.479999	0.000000	
0.740000	51.971657	0.000000	1.725407	0.000000	-0.016388	0.000000	0.000000	1.890597	0.000000	999.997259	39.000002	0.000000	
0.750000	51.971672	0.000000	1.725427	0.000000	-0.016366	0.000000	0.000000	1.890433	0.000000	999.997161	39.520004	0.000000	
0.760000	51.971687	0.000000	1.725447	0.000000	-0.016352	0.000000	0.000000	1.890269	0.000000	999.997060	40.040008	0.000000	
0.770000	51.971703	0.000000	1.725466	0.000000	-0.016347	0.000000	0.000000	1.890106	0.000000	999.996958	40.560011	0.000000	
0.780000	51.971719	0.000000	1.725485	0.000000	-0.016350	0.000000	0.000000	1.889942	0.000000	999.996855	41.080014	0.000000	
0.790000	51.971736	0.000000	1.725502	0.000000	-0.016359	0.000000	0.000000	1.889779	0.000000	999.996749	41.600018	0.000000	
0.800000	51.971752	0.000000	1.725519	0.000000	-0.016375	0.000000	0.000000	1.889615	0.000000	999.996642	42.120021	0.000000	
0.810000	51.971770	0.000000	1.725535	0.000000	-0.016396	0.000000	0.000000	1.889452	0.000000	999.996534	42.640025	0.000000	
0.820000	51.971787	0.000000	1.725550	0.000000	-0.016423	0.000000	0.000000	1.889288	0.000000	999.996423	43.160029	0.000000	
0.830000	51.971805	0.000000	1.725564	0.000000	-0.016455	0.000000	0.000000	1.889123	0.000000	999.996312	43.680034	0.000000	
0.840000	51.971823	0.000000	1.725577	0.000000	-0.016491	0.000000	0.000000	1.888959	0.000000	999.996198	44.200038	0.000000	
0.850000	51.971841	0.000000	1.725589	0.000000	-0.016531	0.000000	0.000000	1.888794	0.000000	999.996083	44.720043	0.000000	
0.860000	51.971860	0.000000	1.725601	0.000000	-0.016573	0.000000	0.000000	1.888629	0.000000	999.995966	45.240047	0.000000	
0.870000	51.971879	0.000000	1.725612	0.000000	-0.016619	0.000000	0.000000	1.888463	0.000000	999.995848	45.760052	0.000000	
0.880000	51.971898	0.000000	1.725621	0.000000	-0.016667	0.000000	0.000000	1.888297	0.000000	999.995728	46.280057	0.000000	
0.890000	51.971918	0.000000	1.725630	0.000000	-0.016717	0.000000	0.000000	1.888130	0.000000	999.995606	46.800063	0.000000	
0.900000	51.971938	0.000000	1.725638	0.000000	-0.016768	0.000000	0.000000	1.887963	0.000000	999.995483	47.320068	0.000000	
0.910000	51.971958	0.000000	1.725645	0.000000	-0.016821	0.000000	0.000000	1.887795	0.000000	999.995358	47.840074	0.000000	
0.920000	51.971978	0.000000	1.725652	0.000000	-0.016874	0.000000	0.000000	1.887627	0.000000	999.995232	48.360080	0.000000	
0.930000	51.971999	0.000000	1.725657	0.000000	-0.016927	0.000000	0.000000	1.887458	0.000000	999.995104	48.880086	0.000000	
0.940000	51.972020	0.000000	1.725662	0.000000	-0.016981	0.000000	0.000000	1.887289	0.000000	999.994975	49.400093	0.000000	
0.950000	51.972042	0.000000	1.725666	0.000000	-0.017034	0.000000	0.000000	1.887119	0.000000	999.994844	49.920099	0.000000	
0.960000	51.972064	0.000000	1.725670	0.000000	-0.017087	0.000000	0.000000	1.886949	0.000000	999.994711	50.440106	0.000000	
0.970000	51.972086	0.000000	1.725673	0.000000	-0.017139	0.000000	0.000000	1.886778	0.000000	999.994577	50.960113	0.000000	
0.980000	51.972108	0.000000	1.725675	0.000000	-0.017190	0.000000	0.000000	1.886607	0.000000	999.994441	51.480120	0.000000	
0.990000	51.972131	0.000000	1.725676	0.000000	-0.017239	0.000000	0.000000	1.886435	0.000000	999.994303	52.000128	0.000000	
1.000000	51.987287	0.000000	1.723915	3.742222	-0.275903	-0.537019	0.000000	1.886262	0.000000	999.994165	52.520136	0.000000	
1.010000	52.002505	0.005890	1.719898	7.086846	-0.524795	-1.080604	0.037245	1.883503	-0.005373	999.994047	53.040294	0.000000	
1.020000	52.017780	0.017670	1.713796	10.073528	-0.763843	-1.628931	0.107758	1.878262	-0.016188	999.993949	53.560604	-0.000001	
1.030000	52.033103	0.035324	1.705760	12.737883	-0.992972	-2.180338	0.207959	1.870654	-0.032501	999.993869	54.081064	-0.000004	
1.040000	52.048466	0.058823	1.695933	15.111898	-1.212108	-2.733302	0.334625	1.860804	-0.054352	999.993805	54.601674	-0.000008	
1.050000	52.062154	0.088127	1.672241	17.224303	-3.211318	-3.286429	0.484853	1.848843	-0.081770	999.993752	55.122436	-0.000012	
1.060000	52.076345	0.123150	1.631643	19.100012	-5.132057	-3.837309	0.656027	1.817009	-0.114922	999.993828	55.643326	-0.000016	
1.070000	52.090963	0.163763	1.575469	20.762162	-6.970544	-4.384591	0.845791	1.766131	-0.153899	999.994019	56.164347	-0.000017	
1.080000	52.105926	0.209824	1.505029	22.231579	-8.723613	-4.927082	1.052029	1.697080	-0.198791	999.994304	56.685497	-0.000012	
1.090000	52.121137	0.261175	1.421606	23.527016	-10.388699	-5.463730	1.272838	1.610764	-0.249677	999.994655	57.206778	0.000001	
1.100000	52.140923	0.317655	1.358186	24.665365	-7.309023	-5.993609	1.506507	1.508116	-0.306631	999.995041	57.728189	0.000025	
1.110000	52.159793	0.379240	1.324275	25.665519	-4.315163	-6.520069	1.751533	1.436627	-0.368490	999.995108	58.249785	0.000052	
1.120000	52.177859	0.445990	1.317906	26.541094	-1.415918	-7.042518	2.006520	1.395488	-0.435000	999.994837	58.771565	0.000082	
1.130000	52.195181	0.517972	1.337110	27.304277	1.381024	-7.560347	2.270205	1.383803	-0.505899	999.994221	59.293528	0.000115	
1.140000	52.211773	0.595249	1.379926	27.965971	4.069054	-8.072934	2.541436	1.400598	-0.580918	999.993264	59.815676	0.000150	
1.150000	52.227615	0.677880	1.444410	28.535928	6.642595	-8.579646	2.819168	1.444828	-0.659787	999.991981	60.338009	0.000189	
1.160000	52.242655	0.765913	1.528646	29.022862	9.097059	-9.079845	3.102448	1.515393	-0.742238	999.990394	60.860526	0.000233	
1.170000	52.256822	0.859385	1.630750	29.434563	11.428810	-9.572887	3.390408	1.611145	-0.828010	999.988537	61.383229	0.000282	
1.180000	52.270031	0.958318	1.748883	29.777988	13.635101	-10.058131	3.682256	1.730894	-0.916848	999.986449	61.906118	0.000340	
1.190000	52.282187	1.062720	1.881251	30.059354	15.714036	-10.534937	3.977267	1.873423	-1.008507	999.984177	62.429194	0.000410	
1.200000	52.293192	1.172581	2.026113	30.284216	17.664514	-11.002671	4.274780	2.037492	-1.102753	999.981775	62.952456	0.000497	
1.210000	52.302952	1.287876	2.181790	30.457537	19.486177	-11.460708	4.574187	2.221847	-1.199368	999.979302	63.475906	0.000606	
1.220000	52.311404	1.408561	2.346664	30.583755	21.179364	-11.908436	4.874933	2.425228	-1.298144	999.976821	63.999543	0.000744	
1.230000	52.318649	1.534576	2.519194	30.666845	22.745058	-12.345256	5.176507	2.646376	-1.398889	999.974400	64.523367	0.000917	
1.240000	52.324705	1.665844	2.697904	30.710379	24.184845	-12.770590	5.478442	2.884037	-1.501426	999.972111	65.047379	0.001135	
1.250000	52.329579	1.802273	2.881396	30.717566	25.500854	-13.183880	5.780304	3.136973	-1.605591	999.970027	65.571582	0.001406	
1.260000	52.333289	1.943754	3.068343	30.691294	26.695706	-13.584588	6.081699	3.403963	-1.711235	999.968227	66.095977	0.001742	
1.270000	52.335852	2.090163	3.257500	30.634167	27.772463	-13.972201	6.382259	3.683810	-1.818222	999.966787	66.620567	0.002154	
1.280000	52.337077	2.241363	3.447686	30.548537	28.734577	-14.346229	6.681649	3.975345	-1.926429	999.965788	67.145353	0.002655	
1.290000	52.336834	2.397205	3.637797	30.436518	29.585832	-14.706204	6.979555	4.277431	-2.035747	999.965310	67.670337	0.003257	
1.300000	52.335106	2.557523	3.826819	30.300023	30.330306	-15.051682	7.275692	4.588967	-2.146075	999.965434	68.195515	0.003976	
1.310000	52.331901	2.722143	4.013813	30.140791	30.972332	-15.382247	7.569791	4.908890	-2.257325	999.966238	68.720884	0.004826	
1.320000	52.327243	2.890881	4.197921	29.960414	31.516458	-15.697510	7.861607	5.236178	-2.369417	999.967804	69.246443	0.005822	
1.330000	52.321478	3.063540	4.378388	29.760355	31.967412	-15.997111	8.150911	5.569852	-2.482279	999.970210	69.772185	0.006983	
1.340000	52.314903	3.239920	4.554533	29.541987	32.330069	-16.280724	8.437492	5.908977	-2.595847	999.973533	70.298109	0.008325	
1.350000	52.307626	3.419812	4.725736	29.306596	32.609417	-16.548057	8.721154	6.252668	-2.710061	999.977849	70.824216	0.009864	
1.360000	52.299738	3.603003	4.891449	29.055389	32.810507	-16.798847	9.001716	6.600083	-2.824867	999.983231	71.350504	0.011620	
1.370000	52.291328	3.789272	5.051194	28.789492	32.938426	-17.032863	9.279012	6.950431	-2.940214	999.989752	71.876974	0.013609	
1.380000	52.282212	3.978397	5.204532	28.509968	32.998266	-17.249901	9.552889	7.302969	-3.056055	999.997480	72.403625	0.015850	
1.390000	52.272059	4.170152	5.351075	28.217806	32.995087	-17.449787	9.823207	7.657004	-3.172342	1000.006483	72.930452	0.018362	
1.400000	52.260657	4.364306	5.490503	27.913918	32.933894	-17.632368	10.089837	8.011888	-3.289029	1000.016824	73.457448	0.021163	
1.410000	52.248044	4.560625	5.622585	27.599157	32.819619	-17.797516	10.352663	8.367024	-3.406071	1000.028565	73.984600	0.024273	
1.420000	52.234263	4.758876	5.747141	27.274346	32.657111	-17.945136	10.611579	8.721860	-3.523418	1000.041763	74.511896	0.027711	
1.430000	52.219360	4.958825	5.864050	26.940275	32.451107	-18.075157	10.866489	9.075892	-3.641023	1000.056472	75.039322	0.031496	
1.440000	52.203397	5.160239	5.973244	26.597711	32.206220	-18.187538	11.117309	9.428660	-3.758831	1000.072745	75.566866	0.035647	
1.450000	52.186655	5.362884	6.074725	26.247397	31.926929	-18.282267	11.363962	9.779748	-3.876787	1000.090629	76.094511	0.040182	
1.460000	52.169409	5.566533	6.168542	25.890075	31.617558	-18.359359	11.606385	10.128781	-3.994832	1000.110170	76.622247	0.045121	
1.470000	52.152089	5.770958	6.254802	25.526475	31.282269	-18.418858	11.844522	10.475429	-4.112902	1000.131408	77.150062	0.050479	
1.480000	52.134723	5.975937	6.333602	25.157338	30.925051	-18.460837	12.078328	10.819397	-4.230927	1000.154384	77.677949	0.056276	
1.490000	52.117339	6.181254	6.405075	24.783376	30.549708	-18.485392	12.307768	11.160430	-4.348834	1000.179133	78.205902	0.062526	
1.500000	52.099927	6.386694	6.469377	24.405283	30.159851	-18.492642	12.532818	11.498310	-4.466545	1000.205687	78.733912	0.069245	
1.510000	52.082487	6.592047	6.526696	24.023728	29.758897	-18.482727	12.753463	11.832851	-4.583975	1000.234077	79.261971	0.076450	
1.520000	52.064998	6.797108	6.577239	23.639359	29.350059	-18.455807	12.969696	12.163900	-4.701035	1000.264329	79.790071	0.084155	
1.530000	52.047436	7.001676	6.621233	23.252802	28.936348	-18.412059	13.181522	12.491334	-4.817631	1000.296466	80.318202	0.092374	
1.540000	52.029786	7.205556	6.658930	22.864663	28.520576	-18.351683	13.388954	12.815060	-4.933661	1000.330511	80.846354	0.101122	
1.550000	52.012018	7.408557	6.690591	22.475528	28.105348	-18.274892	13.592013	13.135009	-5.049021	1000.366480	81.374516	0.110411	
1.560000	51.994100	7.610495	6.716493	22.085961	27.693065	-18.181917	13.790730	13.451139	-5.163600	1000.404389	81.902679	0.120254	
1.570000	51.976003	7.811189	6.736921	21.696509	27.285931	-18.073005	13.985146	13.763427	-5.277283	1000.444253	82.430831	0.130663	
1.580000	51.957694	8.010466	6.752171	21.307697	26.885953	-17.948418	14.175306	14.071876	-5.389949	1000.486080	82.958960	0.141650	
1.590000	51.939142	8.208158	6.762543	20.920030	26.494946	-17.808431	14.361267	14.376503	-5.501474	1000.529880	83.487054	0.153225	
1.600000	51.920312	8.404101	6.768345	20.533996	26.114538	-17.653331	14.543092	14.677344	-5.611729	1000.575659	84.015102	0.165400	
1.610000	51.901179	8.598138	6.769882	20.150059	25.746169	-17.483419	14.720851	14.974451	-5.720582	1000.623421	84.543090	0.178184	
1.620000	51.881724	8.790119	6.767465	19.768669	25.391101	-17.299006	14.894622	15.267889	-5.827899	1000.673167	85.071005	0.191585	
1.630000	51.861925	8.979898	6.761401	19.390254	25.050426	-17.100414	15.064490	15.557734	-5.933539	1000.724899	85.598836	0.205614	
1.640000	51.841767	9.167335	6.751993	19.015224	24.725070	-16.887975	15.230546	15.844074	-6.037363	1000.778615	86.126568	0.220278	
1.650000	51.821237	9.352297	6.739542	18.643972	24.415802	-16.662030	15.392887	16.127006	-6.139227	1000.834313	86.654188	0.235585	
1.660000	51.800324	9.534654	6.724343	18.276870	24.123241	-16.422928	15.551617	16.406633	-6.238988	1000.891987	87.181684	0.251543	
1.670000	51.779021	9.714284	6.706682	17.914275	23.847865	-16.171026	15.706843	16.683065	-6.336499	1000.951632	87.709042	0.268157	
1.680000	51.757316	9.891070	6.686838	17.556524	23.590021	-15.906689	15.858680	16.956416	-6.431615	1001.013242	88.236249	0.285436	
1.690000	51.735209	10.064900	6.665082	17.203936	23.349924	-15.630288	16.007247	17.226805	-6.524189	1001.076809	88.763291	0.303384	
1.700000	51.712704	10.235669	6.641674	16.856813	23.127674	-15.342197	16.152667	17.494352	-6.614074	1001.142323	89.290156	0.322008	
1.710000	51.689806	10.403274	6.616865	16.515441	22.923258	-15.042799	16.295066	17.759181	-6.701125	1001.209775	89.816831	0.341313	
1.720000	51.666526	10.567622	6.590893	16.180088	22.736563	-14.732479	16.434577	18.021413	-6.785198	1001.279154	90.343302	0.361303	
1.730000	51.642878	10.728621	6.563984	15.851005	22.567382	-14.411629	16.571334	18.281170	-6.866148	1001.350450	90.869556	0.381984	
1.740000	51.618880	10.886186	6.536354	15.528430	22.415424	-14.080642	16.705475	18.538574	-6.943836	1001.423651	91.395581	0.403360	
1.750000	51.594550	11.040238	6.508205	15.212584	22.280320	-13.739914	16.837141	18.793743	-7.018120	1001.498745	91.921364	0.425435	
1.760000	51.569916	11.190700	6.479727	14.903671	22.161634	-13.389846	16.966475	19.046793	-7.088866	1001.575719	92.446893	0.448213	
1.770000	51.545005	11.337503	6.451099	14.601884	22.058867	-13.030838	17.093624	19.297837	-7.155938	1001.654560	92.972154	0.471699	
1.780000	51.519848	11.480581	6.422485	14.307399	21.971466	-12.663295	17.218734	19.546983	-7.219207	1001.735256	93.497137	0.495895	
1.790000	51.494473	11.619873	6.394036	14.020381	21.898832	-12.287620	17.341955	19.794336	-7.278544	1001.817794	94.021829	0.520805	
1.800000	51.468915	11.755323	6.365890	13.740980	21.840324	-11.904219	17.463437	20.039996	-7.333826	1001.902161	94.546218	0.546433	
1.810000	51.443206	11.886879	6.338172	13.469333	21.795272	-11.513498	17.583334	20.284057	-7.384934	1001.988343	95.070293	0.572781	
1.820000	51.417383	12.014495	6.310997	13.205566	21.762978	-11.115863	17.701797	20.526608	-7.431751	1002.076327	95.594042	0.599854	
1.830000	51.391482	12.138126	6.284466	12.949791	21.742722	-10.711720	17.818980	20.767733	-7.474166	1002.166101	96.117455	0.627653	
1.840000	51.365546	12.257735	6.258670	12.702110	21.733776	-10.301472	17.935037	21.007509	-7.512073	1002.257653	96.640518	0.656183	
1.850000	51.339613	12.373287	6.233687	12.462615	21.735397	-9.885524	18.050122	21.246008	-7.545368	1002.350968	97.163223	0.685446	
1.860000	51.313723	12.484751	6.209586	12.231385	21.746838	-9.464279	18.164389	21.483295	-7.573954	1002.446036	97.685558	0.715446	
1.870000	51.287912	12.592102	6.186422	12.008490	21.767356	-9.038137	18.277993	21.719430	-7.597738	1002.542843	98.207512	0.746186	
1.880000	51.262220	12.695316	6.164242	11.793990	21.796211	-8.607496	18.391085	21.954467	-7.616632	1002.641379	98.729074	0.777668	
1.890000	51.236684	12.794375	6.143083	11.587935	21.832673	-8.172754	18.503821	22.188454	-7.630553	1002.741631	99.250236	0.809896	
1.900000	51.211343	12.889265	6.122975	11.390367	21.876023	-7.734304	18.616351	22.421431	-7.639422	1002.843590	99.770985	0.842874	
1.910000	51.186234	12.979974	6.103937	11.201318	21.925563	-7.292537	18.728826	22.653436	-7.643167	1002.947243	100.291313	0.876604	
1.920000	51.161393	13.066495	6.085980	11.020812	21.980609	-6.847840	18.841397	22.884497	-7.641718	1003.052580	100.811209	0.911090	
1.930000	51.136865	13.148823	6.069111	10.848864	22.040503	-6.400598	18.954213	23.114640	-7.635014	1003.159592	101.330663	0.946336	
1.940000	51.112682	13.226959	6.053329	10.685482	22.104610	-5.951191	19.067420	23.343884	-7.622994	1003.268268	101.849665	0.982345	
1.950000	51.088878	13.300905	6.038625	10.530668	22.172319	-5.499997	19.181165	23.572244	-7.605606	1003.378600	102.368206	1.019121	
1.960000	51.065483	13.370669	6.024984	10.384414	22.243048	-5.047387	19.295591	23.799729	-7.582801	1003.490578	102.886276	1.056668	
1.970000	51.042527	13.436258	6.012387	10.246706	22.316244	-4.593728	19.410841	24.026343	-7.554536	1003.604193	103.403865	1.094989	
1.980000	51.020037	13.497686	6.000809	10.117523	22.391385	-4.139385	19.527056	24.252088	-7.520771	1003.719438	103.920965	1.134089	
1.990000	50.998039	13.554969	5.990224	9.996837	22.467978	-3.684716	19.644373	24.476959	-7.481472	1003.836304	104.437565	1.173973	
2.000000	50.976558	13.608126	5.980599	9.884615	22.545563	-3.230073	19.762930	24.700949	-7.436609	1003.954783	104.953657	1.214643	
2.010000	50.955616	13.657178	5.971899	9.780814	22.623712	-2.775804	19.882858	24.924047	-7.386158	1004.074868	105.469230	1.256105	
2.020000	50.935233	13.702151	5.964086	9.685390	22.702029	-2.322252	20.004291	25.146239	-7.330098	1004.196553	105.984277	1.298364	
2.030000	50.915429	13.743072	5.957121	9.598288	22.780150	-1.869753	20.127358	25.367507	-7.268411	1004.319829	106.498787	1.341424	
2.040000	50.896220	13.779971	5.950963	9.519451	22.857742	-1.418638	20.252184	25.587830	-7.201087	1004.444692	107.012751	1.385290	
2.050000	50.877621	13.812882	5.945567	9.448813	22.934503	-0.969230	20.378893	25.807187	-7.128117	1004.571133	107.526160	1.429967	
2.060000	50.859645	13.841839	5.940890	9.386306	23.010163	-0.521847	20.507608	26.025553	-7.049498	1004.699147	108.039006	1.475459	
2.070000	50.842302	13.866882	5.936888	9.331855	23.084480	-0.076802	20.638446	26.242900	-6.965229	1004.828728	108.551278	1.521773	
2.080000	50.825602	13.888051	5.933515	9.285379	23.157244	0.365601	20.771523	26.459201	-6.875314	1004.959871	109.062969	1.568914	
2.090000	50.809552	13.905388	5.930725	9.246792	23.228268	0.805064	20.906951	26.674425	-6.779761	1005.092568	109.574068	1.616886	
2.100000	50.794156	13.918941	5.928474	9.216006	23.297397	1.241296	21.044841	26.888541	-6.678582	1005.226816	110.084567	1.665696	
2.110000	50.779417	13.928755	5.926717	9.192924	23.364498	1.674013	21.185298	27.101518	-6.571791	1005.362608	110.594458	1.715350	
2.120000	50.765337	13.934881	5.925411	9.177447	23.429464	2.102938	21.328426	27.313323	-6.459406	1005.499940	111.103730	1.765852	
2.130000	50.751915	13.937371	5.924512	9.169471	23.492212	2.527801	21.474325	27.523923	-6.341450	1005.638805	111.612375	1.817209	
2.140000	50.739148	13.936280	5.923978	9.168886	23.552679	2.948341	21.623093	27.733283	-6.217947	1005.779199	112.120384	1.869428	
2.150000	50.727031	13.931662	5.923769	9.175580	23.610822	3.364303	21.774823	27.941371	-6.088926	1005.921117	112.627749	1.922513	
2.160000	50.715559	13.923576	5.923846	9.189436	23.666620	3.775441	21.929605	28.148152	-5.954416	1006.064553	113.134460	1.976471	
2.170000	50.704724	13.912082	5.924171	9.210331	23.720066	4.181515	22.087527	28.353594	-5.814453	1006.209502	113.640508	2.031308	
2.180000	50.694516	13.897242	5.924709	9.238141	23.771172	4.582294	22.248673	28.557663	-5.669074	1006.355959	114.145886	2.087031	
2.190000	50.684925	13.879117	5.925424	9.272736	23.819963	4.977556	22.413123	28.760327	-5.518316	1006.503919	114.650583	2.143646	
2.200000	50.675937	13.857774	5.926284	9.313984	23.866479	5.367084	22.580954	28.961554	-5.362224	1006.653377	115.154592	2.201159	
2.210000	50.667539	13.833278	5.927260	9.361748	23.910769	5.750673	22.752239	29.161314	-5.200842	1006.804327	115.657904	2.259577	
2.220000	50.659715	13.805697	5.928322	9.415889	23.952897	6.128122	22.927048	29.359575	-5.034216	1006.956764	116.160509	2.318906	
2.230000	50.652450	13.775101	5.929443	9.476262	23.992932	6.499241	23.105448	29.556309	-4.862397	1007.110682	116.662400	2.379154	
2.240000	50.645725	13.741559	5.930599	9.542722	24.030953	6.863847	23.287501	29.751487	-4.685436	1007.266076	117.163567	2.440326	
2.250000	50.639521	13.705145	5.931766	9.615120	24.067048	7.221766	23.473268	29.945083	-4.503388	1007.422940	117.664003	2.502430	
2.260000	50.633818	13.665929	5.932925	9.693304	24.101307	7.572832	23.662804	30.137072	-4.316308	1007.581269	118.163698	2.565472	
2.270000	50.628596	13.623988	5.934055	9.777118	24.133826	7.916886	23.856161	30.327427	-4.124255	1007.741056	118.662645	2.629459	
2.280000	50.623832	13.579395	5.935139	9.866405	24.164706	8.253778	24.053389	30.516127	-3.927288	1007.902296	119.160834	2.694398	
2.290000	50.619504	13.532227	5.936162	9.961006	24.194048	8.583368	24.254532	30.703150	-3.725471	1008.064982	119.658258	2.760295	
2.300000	50.615589	13.482561	5.937111	10.060759	24.221956	8.905522	24.459633	30.888474	-3.518865	1008.229108	120.154908	2.827158	
2.310000	50.612063	13.430474	5.937973	10.165500	24.248534	9.220115	24.668729	31.072082	-3.307538	1008.394668	120.650776	2.894994	
2.320000	50.608900	13.376045	5.938739	10.275063	24.273888	9.527031	24.881856	31.253955	-3.091556	1008.561655	121.145854	2.963809	
2.330000	50.606076	13.319353	5.939398	10.389281	24.298120	9.826160	25.099045	31.434078	-2.870987	1008.730062	121.640133	3.033611	
2.340000	50.603566	13.260478	5.939945	10.507984	24.321332	10.117402	25.320324	31.612434	-2.645901	1008.899882	122.133605	3.104406	
2.350000	50.601343	13.199501	5.940372	10.631002	24.343623	10.400665	25.545717	31.789013	-2.416371	1009.071109	122.626262	3.176201	
2.360000	50.599382	13.136501	5.940677	10.758163	24.365091	10.675864	25.775245	31.963800	-2.182467	1009.243734	123.118097	3.249004	
2.370000	50.597655	13.071561	5.940854	10.889295	24.385830	10.942923	26.008927	32.136786	-1.944265	1009.417751	123.609101	3.322822	
2.380000	50.596138	13.004762	5.940903	11.024224	24.405928	11.201775	26.246777	32.307962	-1.701839	1009.593153	124.099265	3.397661	
2.390000	50.594802	12.936186	5.940822	11.162776	24.425472	11.452357	26.488805	32.477319	-1.455266	1009.769931	124.588584	3.473529	
2.400000	50.593623	12.865914	5.940611	11.304776	24.444543	11.694617	26.735020	32.644853	-1.204622	1009.948077	125.077048	3.550433	
2.410000	50.592573	12.794030	5.940271	11.450050	24.463218	11.928511	26.985426	32.810556	-0.949986	1010.127584	125.564649	3.628380	
2.420000	50.591626	12.720614	5.939804	11.598420	24.481567	12.154001	27.240026	32.974426	-0.691435	1010.308443	126.051381	3.707376	
2.430000	50.590756	12.645750	5.939211	11.749713	24.499658	12.371057	27.498816	33.136459	-0.429051	1010.490646	126.537235	3.787430	
2.440000	50.589937	12.569520	5.938497	11.903753	24.517552	12.579656	27.761794	33.296655	-0.162913	1010.674185	127.022204	3.868548	
2.450000	50.589145	12.492006	5.937664	12.060365	24.535305	12.779784	28.028950	33.455014	0.106897	1010.859051	127.506280	3.950737	
2.460000	50.588353	12.413290	5.936716	12.219374	24.552967	12.971432	28.300275	33.611535	0.380299	1011.045235	127.989455	4.034005	
2.470000	50.587537	12.333453	5.935659	12.380607	24.570583	13.154600	28.575755	33.766221	0.657210	1011.232728	128.471723	4.118358	
2.480000	50.586672	12.252577	5.934497	12.543890	24.588193	13.329293	28.855375	33.919075	0.937547	1011.421522	128.953076	4.203804	
2.490000	50.585736	12.170742	5.933234	12.709052	24.605832	13.495526	29.139114	34.070101	1.221228	1011.611606	129.433507	4.290350	
2.500000	50.584705	12.088030	5.931877	12.875920	24.623530	13.653317	29.426951	34.219305	1.508170	1011.802972	129.913007	4.378003	
2.510000	50.583555	12.004521	5.930431	13.044325	24.641309	13.802694	29.718862	34.366691	1.798289	1011.995610	130.391571	4.466769	
2.520000	50.582266	11.920293	5.928900	13.214098	24.659191	13.943689	30.014820	34.512267	2.091501	1012.189511	130.869190	4.556658	
2.530000	50.580815	11.835427	5.927292	13.385072	24.677190	14.076342	30.314796	34.656040	2.387724	1012.384664	131.345858	4.647674	
2.540000	50.579182	11.750000	5.925610	13.557082	24.695315	14.200698	30.618757	34.798019	2.686873	1012.581061	131.821567	4.739826	
2.550000	50.577347	11.664089	5.923860	13.729962	24.713574	14.316809	30.926670	34.938213	2.988866	1012.778691	132.296310	4.833120	
2.560000	50.575290	11.577773	5.922048	13.903551	24.731968	14.424733	31.238499	35.076633	3.293617	1012.977543	132.770082	4.927565	
2.570000	50.572993	11.491126	5.920178	14.077688	24.750496	14.524533	31.554205	35.213288	3.601045	1013.177609	133.242873	5.023166	
2.580000	50.570437	11.404224	5.918256	14.252216	24.769152	14.616278	31.873747	35.348191	3.911066	1013.378877	133.714678	5.119931	
2.590000	50.567605	11.317140	5.916286	14.426978	24.787927	14.700043	32.197082	35.481353	4.223598	1013.581337	134.185489	5.217867	
2.600000	50.564482	11.229949	5.914271	14.601821	24.806810	14.775909	32.524166	35.612787	4.538558	1013.784979	134.655301	5.316981	
2.610000	50.561050	11.142723	5.912217	14.776593	24.825788	14.843960	32.854953	35.742505	4.855864	1013.989792	135.124105	5.417281	
2.620000	50.557296	11.055532	5.910126	14.951144	24.844842	14.904286	33.189394	35.870523	5.175434	1014.195765	135.591895	5.518773	
2.630000	50.553205	10.968446	5.908002	15.125330	24.863954	14.956983	33.527439	35.996854	5.497189	1014.402888	136.058665	5.621464	
2.640000	50.548764	10.881535	5.905848	15.299005	24.883104	15.002151	33.869037	36.121512	5.821047	1014.611149	136.524408	5.725362	
2.650000	50.543959	10.794867	5.903666	15.472028	24.902270	15.039894	34.214135	36.244513	6.146929	1014.820538	136.989117	5.830473	
2.660000	50.538780	10.708507	5.901459	15.644262	24.921426	15.070321	34.562678	36.365873	6.474757	1015.031044	137.452785	5.936805	
2.670000	50.533215	10.622520	5.899228	15.815570	24.940550	15.093545	34.914610	36.485608	6.804452	1015.242656	137.915406	6.044365	
2.680000	50.527254	10.536972	5.896974	15.985820	24.959614	15.109682	35.269874	36.603733	7.135938	1015.455361	138.376974	6.153159	
2.690000	50.520886	10.451923	5.894699	16.154883	24.978594	15.118856	35.628411	36.720266	7.469137	1015.669150	138.837481	6.263194	
2.700000	50.514104	10.367436	5.892403	16.322631	24.997462	15.121189	35.990163	36.835224	7.803976	1015.884010	139.296922	6.374479	
2.710000	50.506898	10.283570	5.890086	16.488942	25.016193	15.116810	36.355068	36.948624	8.140380	1016.099930	139.755290	6.487018	
2.720000	50.499262	10.200382	5.887748	16.653694	25.034759	15.105852	36.723066	37.060483	8.478275	1016.316899	140.212578	6.600821	
2.730000	50.491189	10.117931	5.885388	16.816772	25.053136	15.088449	37.094094	37.170820	8.817590	1016.534905	140.668781	6.715892	
2.740000	50.482672	10.036271	5.883006	16.978060	25.071296	15.064739	37.468089	37.279653	9.158255	1016.753936	141.123892	6.832240	
2.750000	50.473706	9.955456	5.880600	17.137448	25.089217	15.034863	37.844987	37.387001	9.500199	1016.973981	141.577904	6.949870	
2.760000	50.464287	9.875538	5.878168	17.294830	25.106873	14.998965	38.224725	37.492881	9.843355	1017.195027	142.030811	7.068791	
2.770000	50.454409	9.796567	5.875709	17.450100	25.124242	14.957191	38.607236	37.597312	10.187656	1017.417063	142.482608	7.189008	
2.780000	50.444069	9.718594	5.873221	17.603159	25.141303	14.909689	38.992457	37.700314	10.533037	1017.640077	142.933288	7.310528	
2.790000	50.433265	9.641663	5.870700	17.753910	25.158035	14.856612	39.380321	37.801905	10.879434	1017.864056	143.382844	7.433358	
2.800000	50.421993	9.565823	5.868144	17.902257	25.174420	14.798110	39.770763	37.902104	11.226784	1018.088989	143.831271	7.557504	
2.810000	50.410252	9.491116	5.865550	18.048113	25.190441	14.734340	40.163716	38.000931	11.575027	1018.314863	144.278563	7.682974	
2.820000	50.398040	9.417585	5.862915	18.191388	25.206081	14.665458	40.559114	38.098405	11.924103	1018.541667	144.724713	7.809774	
2.830000	50.385357	9.345271	5.860235	18.332001	25.221328	14.591621	40.956891	38.194545	12.273955	1018.769387	145.169716	7.937909	
2.840000	50.372201	9.274213	5.857507	18.469871	25.236168	14.512989	41.356982	38.289370	12.624527	1018.998011	145.613566	8.067388	
2.850000	50.358572	9.204447	5.854728	18.604922	25.250593	14.429724	41.759319	38.382900	12.975764	1019.227527	146.056256	8.198215	
2.860000	50.344472	9.136010	5.851892	18.737081	25.264594	14.341986	42.163837	38.475155	13.327614	1019.457923	146.497781	8.330398	
2.870000	50.329900	9.068936	5.848997	18.866280	25.278164	14.249939	42.570470	38.566152	13.680027	1019.689185	146.938134	8.463942	
2.880000	50.314858	9.003256	5.846038	18.992451	25.291300	14.153746	42.979153	38.655912	14.032953	1019.921301	147.377311	8.598854	
2.890000	50.299347	8.939002	5.843011	19.115533	25.303999	14.053572	43.389821	38.744453	14.386345	1020.154259	147.815306	8.735139	
2.900000	50.283369	8.876201	5.839912	19.235467	25.316260	13.949580	43.802410	38.831794	14.740159	1020.388045	148.252111	8.872805	
2.910000	50.266926	8.814881	5.836737	19.352198	25.328086	13.841935	44.216855	38.917954	15.094349	1020.622646	148.687723	9.011856	
2.920000	50.250020	8.755067	5.833482	19.465673	25.339479	13.730804	44.633093	39.002951	15.448875	1020.858050	149.122135	9.152300	
2.930000	50.232655	8.696784	5.830142	19.575845	25.350445	13.616350	45.051061	39.086804	15.803698	1021.094244	149.555342	9.294140	
2.940000	50.214833	8.640052	5.826714	19.682669	25.360991	13.498739	45.470696	39.169531	16.158779	1021.331214	149.987338	9.437385	
2.950000	50.196557	8.584892	5.823194	19.786102	25.371126	13.378136	45.891939	39.251150	16.514082	1021.568948	150.418118	9.582037	
2.960000	50.177830	8.531323	5.819577	19.886107	25.380861	13.254705	46.314727	39.331678	16.869573	1021.807432	150.847676	9.728105	
2.970000	50.158657	8.479361	5.815861	19.982649	25.390207	13.128609	46.739001	39.411132	17.225221	1022.046653	151.276007	9.875592	
2.980000	50.139040	8.429023	5.812040	20.075696	25.399180	13.000013	47.164701	39.489529	17.580996	1022.286598	151.703106	10.024505	
2.990000	50.118984	8.380320	5.808112	20.165221	25.407794	12.869077	47.591771	39.566886	17.936868	1022.527253	152.128966	10.174848	
3.000000	50.098493	8.333267	5.804074	20.251199	25.416066	12.735965	48.020152	39.643218	18.292812	1022.768604	152.553584	10.326627	
3.010000	50.077571	8.287872	5.799921	20.333607	25.424014	12.600836	48.449788	39.718542	18.648804	1023.010640	152.976953	10.479847	
3.020000	50.056222	8.244146	5.795652	20.412428	25.431659	12.463850	48.880624	39.792872	19.004820	1023.253345	153.399069	10.634512	
3.030000	50.034450	8.202094	5.791263	20.487647	25.439020	12.325165	49.312607	39.866223	19.360841	1023.496706	153.819927	10.790628	
3.040000	50.012260	8.161724	5.786751	20.559251	25.446120	12.184937	49.745682	39.938609	19.716847	1023.740709	154.239521	10.948199	
3.050000	49.989657	8.123038	5.782114	20.627231	25.452980	12.043322	50.179799	40.010043	20.072821	1023.985342	154.657847	11.107231	
3.060000	49.966656	8.086041	5.777351	20.691581	25.459626	11.900473	50.614905	40.080540	20.428750	1024.230590	155.074900	11.267727	
3.070000	49.943264	8.050733	5.772461	20.752300	25.466081	11.756543	51.050952	40.150110	20.784618	1024.476439	155.490675	11.429691	
3.080000	49.919487	8.017114	5.767441	20.809388	25.472371	11.611681	51.487890	40.218766	21.140415	1024.722875	155.905167	11.593129	
3.090000	49.895328	7.985182	5.762290	20.862849	25.478521	11.466035	51.925672	40.286518	21.496130	1024.969886	156.318371	11.758044	
3.100000	49.870793	7.954935	5.757006	20.912689	25.484559	11.319751	52.364252	40.353378	21.851757	1025.217456	156.730284	11.924441	
3.110000	49.845889	7.926368	5.751589	20.958918	25.490510	11.172975	52.803585	40.419355	22.207287	1025.465573	157.140901	12.092323	
3.120000	49.820619	7.899476	5.746038	21.001547	25.496402	11.025847	53.243626	40.484457	22.562716	1025.714221	157.550216	12.261694	
3.130000	49.794990	7.874252	5.740351	21.040591	25.502262	10.878507	53.684334	40.548694	22.918042	1025.963388	157.958227	12.432559	
3.140000	49.769007	7.850687	5.734529	21.076067	25.508118	10.731093	54.125666	40.612071	23.273261	1026.213058	158.364928	12.604920	
3.150000	49.742674	7.828772	5.728571	21.107995	25.513997	10.583740	54.567582	40.674597	23.628374	1026.463219	158.770316	12.778781	
3.160000	49.715999	7.808496	5.722478	21.136397	25.519926	10.436581	55.010042	40.736276	23.983382	1026.713856	159.174385	12.954145	
3.170000	49.688985	7.789848	5.716250	21.161298	25.525932	10.289745	55.453010	40.797113	24.338288	1026.964956	159.577133	13.131016	
3.180000	49.661638	7.772815	5.709888	21.182724	25.532042	10.143360	55.896447	40.857114	24.693094	1027.216503	159.978555	13.309397	
3.190000	49.633964	7.757383	5.703392	21.200705	25.538283	9.997552	56.340319	40.916280	25.047807	1027.468483	160.378648	13.489290	
3.200000	49.605967	7.743535	5.696763	21.215272	25.544681	9.852441	56.784590	40.974614	25.402433	1027.720884	160.777406	13.670699	
3.210000	49.577654	7.731258	5.690003	21.226459	25.551262	9.708149	57.229226	41.032117	25.756978	1027.973690	161.174827	13.853626	
3.220000	49.549029	7.720532	5.683113	21.234301	25.558049	9.564791	57.674197	41.088791	26.111451	1028.226888	161.570907	14.038074	
3.230000	49.520098	7.711340	5.676095	21.238837	25.565069	9.422482	58.119469	41.144634	26.465863	1028.480462	161.965642	14.224045	
3.240000	49.490865	7.703664	5.668951	21.240106	25.572344	9.281332	58.565012	41.199644	26.820222	1028.734400	162.359028	14.411542	
3.250000	49.461337	7.697482	5.661682	21.238149	25.579898	9.141450	59.010798	41.253821	27.174541	1028.988687	162.751063	14.600567	
3.260000	49.431519	7.692775	5.654292	21.233010	25.587752	9.002941	59.456797	41.307159	27.528832	1029.243308	163.141741	14.791121	
3.270000	49.401414	7.689520	5.646782	21.224735	25.595928	8.865907	59.902983	41.359656	27.883108	1029.498250	163.531061	14.983208	
3.280000	49.371030	7.687695	5.639155	21.213370	25.604447	8.730447	60.349329	41.411305	28.237382	1029.753498	163.919019	15.176828	
3.290000	49.340370	7.687277	5.631414	21.198963	25.613327	8.596659	60.795809	41.462100	28.591668	1030.009039	164.305611	15.371983	
3.300000	49.309440	7.688242	5.623561	21.181565	25.622587	8.464634	61.242398	41.512034	28.945982	1030.264857	164.690834	15.568676	
3.310000	49.278246	7.690565	5.615601	21.161227	25.632245	8.334463	61.689073	41.561100	29.300338	1030.520939	165.074685	15.766906	
3.320000	49.246792	7.694221	5.607535	21.138003	25.642316	8.206233	62.135810	41.609287	29.654752	1030.777271	165.457162	15.966677	
3.330000	49.215083	7.699184	5.599368	21.111946	25.652817	8.080029	62.582586	41.656585	30.009239	1031.033838	165.838260	16.167988	
3.340000	49.183125	7.705428	5.591102	21.083112	25.663761	7.955931	63.029381	41.702984	30.363817	1031.290627	166.217978	16.370842	
3.350000	49.150922	7.712925	5.582741	21.051558	25.675161	7.834016	63.476172	41.748471	30.718501	1031.547623	166.596312	16.575239	
3.360000	49.118480	7.721647	5.574288	21.017342	25.687030	7.714360	63.922940	41.793034	31.073308	1031.804813	166.973259	16.781179	
3.370000	49.085804	7.731568	5.565748	20.980522	25.699378	7.597034	64.369665	41.836658	31.428254	1032.062181	167.348817	16.988664	
3.380000	49.052900	7.742658	5.557124	20.941160	25.712216	7.482107	64.816326	41.879329	31.783356	1032.319715	167.722982	17.197694	
3.390000	49.019771	7.754888	5.548419	20.899315	25.725551	7.369644	65.262906	41.921031	32.138630	1032.577399	168.095753	17.408270	
3.400000	48.986423	7.768229	5.539638	20.855050	25.739391	7.259708	65.709386	41.961747	32.494092	1032.835221	168.467126	17.620393	
3.410000	48.952863	7.782651	5.530784	20.808426	25.753742	7.152357	66.155747	42.001460	32.849759	1033.093166	168.837100	17.834061	
3.420000	48.919093	7.798124	5.521861	20.759508	25.768610	7.047648	66.601973	42.040151	33.205646	1033.351220	169.205671	18.049276	
3.430000	48.885121	7.814618	5.512874	20.708360	25.783999	6.945634	67.048046	42.077801	33.561769	1033.609369	169.572838	18.266038	
3.440000	48.850951	7.832102	5.503825	20.655046	25.799913	6.846365	67.493949	42.114391	33.918142	1033.867600	169.938597	18.484346	
3.450000	48.816589	7.850545	5.494719	20.599630	25.816352	6.749888	67.939665	42.149899	34.274779	1034.125899	170.302946	18.704201	
3.460000	48.782040	7.869916	5.485560	20.542180	25.833319	6.656247	68.385178	42.184303	34.631695	1034.384251	170.665884	18.925602	
3.470000	48.747309	7.890185	5.476352	20.482760	25.850813	6.565484	68.830471	42.217582	34.988903	1034.642643	171.027408	19.148549	
3.480000	48.712401	7.911319	5.467098	20.421438	25.868833	6.477636	69.275528	42.249713	35.346415	1034.901062	171.387516	19.373041	
3.490000	48.677323	7.933287	5.457802	20.358279	25.887378	6.392738	69.720333	42.280671	35.704243	1035.159494	171.746206	19.599078	
3.500000	48.642084	7.956057	5.448469	20.293352	25.906444	6.310824	70.164869	42.310433	36.062398	1035.417924	172.103475	19.826659	
3.510000	48.606696	7.979599	5.439103	20.226722	25.926029	6.231921	70.609121	42.338973	36.420891	1035.676340	172.459322	20.055783	
3.520000	48.571165	8.003879	5.429707	20.158459	25.946129	6.156058	71.053072	42.366266	36.779730	1035.934728	172.813744	20.286450	
3.530000	48.535497	8.028867	5.420285	20.088630	25.966738	6.083257	71.496707	42.392286	37.138925	1036.193075	173.166740	20.518658	
3.540000	48.499697	8.054530	5.410841	20.017304	25.987850	6.013539	71.940008	42.417006	37.498482	1036.451367	173.518309	20.752408	
3.550000	48.463770	8.080837	5.401378	19.944547	26.009459	5.946923	72.382959	42.440399	37.858409	1036.709591	173.868447	20.987696	
3.560000	48.427724	8.107757	5.391899	19.870428	26.031558	5.883424	72.825544	42.462437	38.218710	1036.967733	174.217154	21.224524	
3.570000	48.391563	8.135257	5.382409	19.795014	26.054138	5.823054	73.267745	42.483093	38.579390	1037.225781	174.564428	21.462888	
3.580000	48.355293	8.163307	5.372909	19.718372	26.077192	5.765825	73.709547	42.502337	38.940452	1037.483721	174.910267	21.702788	
3.590000	48.318921	8.191874	5.363403	19.640570	26.100709	5.711743	74.150931	42.520142	39.301898	1037.741540	175.254669	21.944223	
3.600000	48.282453	8.220929	5.353895	19.561674	26.124682	5.660815	74.591880	42.536478	39.663729	1037.999225	175.597633	22.187190	
3.610000	48.245894	8.250439	5.344387	19.481751	26.149099	5.613041	75.032376	42.551316	40.025944	1038.256763	175.939157	22.431689	
3.620000	48.209251	8.280374	5.334881	19.400866	26.173950	5.568423	75.472401	42.564626	40.388543	1038.514141	176.279240	22.677717	
3.630000	48.172530	8.310704	5.325382	19.319085	26.199224	5.526959	75.911936	42.576379	40.751521	1038.771346	176.617880	22.925274	
3.640000	48.135737	8.341398	5.315891	19.236473	26.224909	5.488643	76.350962	42.586544	41.114876	1039.028366	176.955076	23.174356	
3.650000	48.098879	8.372426	5.306411	19.153094	26.250995	5.453470	76.789461	42.595091	41.478601	1039.285186	177.290826	23.424963	
3.660000	48.061961	8.403758	5.296945	19.069014	26.277469	5.421429	77.227412	42.601991	41.842690	1039.541795	177.625129	23.677092	
3.670000	48.024991	8.435365	5.287495	18.984294	26.304320	5.392509	77.664795	42.607213	42.207135	1039.798181	177.957983	23.930741	
3.680000	47.987974	8.467218	5.278063	18.898998	26.331534	5.366698	78.101590	42.610727	42.571926	1040.054329	178.289387	24.185909	
3.690000	47.950918	8.499287	5.268651	18.813188	26.359099	5.343979	78.537777	42.612503	42.937053	1040.310228	178.619341	24.442592	
3.700000	47.913829	8.531544	5.259261	18.726926	26.387004	5.324334	78.973332	42.612510	43.302504	1040.565865	178.947841	24.700790	
3.710000	47.876713	8.563961	5.249896	18.640271	26.415234	5.307745	79.408236	42.610719	43.668266	1040.821227	179.274888	24.960499	
3.720000	47.839577	8.596510	5.240558	18.553285	26.443778	5.294189	79.842465	42.607100	44.034324	1041.076303	179.600479	25.221717	
3.730000	47.802428	8.629164	5.231247	18.466027	26.472623	5.283643	80.275996	42.601623	44.400662	1041.331079	179.924614	25.484441	
3.740000	47.765272	8.661895	5.221966	18.378555	26.501755	5.276081	80.708808	42.594258	44.767264	1041.585544	180.247292	25.748670	
3.750000	47.728117	8.694676	5.212716	18.290926	26.531162	5.271476	81.140875	42.584977	45.134109	1041.839684	180.568511	26.014401	
3.760000	47.690969	8.727482	5.203499	18.203198	26.560833	5.269800	81.572175	42.573751	45.501180	1042.093489	180.888270	26.281631	
3.770000	47.653834	8.760287	5.194316	18.115427	26.590753	5.271022	82.002683	42.560550	45.868455	1042.346944	181.206568	26.550358	
3.780000	47.616721	8.793064	5.185168	18.027667	26.620911	5.275109	82.432373	42.545348	46.235911	1042.600040	181.523403	26.820578	
3.790000	47.579635	8.825790	5.176056	17.939972	26.651294	5.282028	82.861221	42.528115	46.603526	1042.852762	181.838776	27.092289	
3.800000	47.542583	8.858440	5.166982	17.852397	26.681891	5.291743	83.289202	42.508824	46.971275	1043.105100	182.152684	27.365489	
3.810000	47.505573	8.890990	5.157947	17.764993	26.712690	5.304217	83.716288	42.487449	47.339133	1043.357042	182.465127	27.640174	
3.820000	47.468611	8.923415	5.148950	17.677812	26.743680	5.319412	84.142455	42.463963	47.707072	1043.608574	182.776103	27.916341	
3.830000	47.431705	8.955694	5.139994	17.590903	26.774849	5.337289	84.567675	42.438340	48.075065	1043.859687	183.085612	28.193988	
3.840000	47.394861	8.987804	5.131079	17.504317	26.806186	5.357806	84.991921	42.410555	48.443083	1044.110366	183.393653	28.473111	
3.850000	47.358086	9.019721	5.122205	17.418101	26.837682	5.380921	85.415167	42.380582	48.811096	1044.360602	183.700224	28.753707	
3.860000	47.321386	9.051426	5.113373	17.332303	26.869325	5.406591	85.837384	42.348398	49.179074	1044.610382	184.005325	29.035774	
3.870000	47.284770	9.082897	5.104583	17.246969	26.901105	5.434771	86.258545	42.313978	49.546985	1044.859694	184.308955	29.319308	
3.880000	47.248244	9.114113	5.095837	17.162145	26.933013	5.465415	86.678623	42.277301	49.914796	1045.108526	184.611113	29.604305	
3.890000	47.211815	9.145054	5.087133	17.077874	26.965040	5.498476	87.097588	42.238342	50.282474	1045.356868	184.911797	29.890763	
3.900000	47.175489	9.175701	5.078474	16.994199	26.997177	5.533907	87.515414	42.197082	50.649985	1045.604708	185.211008	30.178678	
3.910000	47.139274	9.206035	5.069858	16.911163	27.029414	5.571658	87.932071	42.153498	51.017294	1045.852033	185.508744	30.468047	
3.920000	47.103177	9.236037	5.061286	16.828806	27.061744	5.611680	88.347532	42.107571	51.384366	1046.098833	185.805005	30.758867	
3.930000	47.067204	9.265689	5.052759	16.747169	27.094159	5.653923	88.761767	42.059282	51.751165	1046.345096	186.099789	31.051133	
3.940000	47.031361	9.294975	5.044276	16.666289	27.126651	5.698335	89.174749	42.008611	52.117653	1046.590811	186.393096	31.344843	
3.950000	46.995657	9.323877	5.035837	16.586205	27.159214	5.744864	89.586449	41.955540	52.483794	1046.835966	186.684926	31.639993	
3.960000	46.960097	9.352379	5.027443	16.506953	27.191841	5.793457	89.996839	41.900053	52.849551	1047.080551	186.975277	31.936579	
3.970000	46.924687	9.380465	5.019093	16.428569	27.224526	5.844061	90.405891	41.842134	53.214884	1047.324553	187.264149	32.234598	
3.980000	46.889436	9.408120	5.010787	16.351086	27.257262	5.896621	90.813575	41.781766	53.579756	1047.567962	187.551540	32.534046	
3.990000	46.854349	9.435330	5.002525	16.274538	27.290045	5.951083	91.219865	41.718935	53.944128	1047.810766	187.837452	32.834920	
4.000000	46.819432	9.462079	4.994307	16.198957	27.322870	6.007391	91.624733	41.653628	54.307961	1048.052955	188.121881	33.137215	
4.010000	46.784692	9.488356	4.986132	16.124373	27.355731	6.065490	92.028152	41.585832	54.671216	1048.294517	188.404830	33.440927	
4.020000	46.750136	9.514146	4.978001	16.050817	27.388625	6.125325	92.430093	41.515533	55.033854	1048.535442	188.686295	33.746054	
4.030000	46.715769	9.539436	4.969914	15.978318	27.421548	6.186837	92.830531	41.442722	55.395835	1048.775717	188.966278	34.052591	
4.040000	46.681598	9.564217	4.961869	15.906902	27.454496	6.249971	93.229438	41.367388	55.757120	1049.015333	189.244777	34.360534	
4.050000	46.647629	9.588474	4.953867	15.836597	27.487467	6.314670	93.626789	41.289521	56.117670	1049.254278	189.521792	34.669879	
4.060000	46.613868	9.612199	4.945908	15.767428	27.520457	6.380876	94.022558	41.209113	56.477445	1049.492542	189.797322	34.980623	
4.070000	46.580321	9.635379	4.937991	15.699418	27.553465	6.448531	94.416719	41.126156	56.836407	1049.730113	190.071368	35.292761	
4.080000	46.546993	9.658007	4.930115	15.632592	27.586488	6.517578	94.809249	41.040644	57.194516	1049.966981	190.343928	35.606289	
4.090000	46.513891	9.680071	4.922281	15.566971	27.619526	6.587960	95.200122	40.952569	57.551734	1050.203135	190.615001	35.921203	
4.100000	46.481021	9.701564	4.914488	15.502576	27.652576	6.659617	95.589315	40.861928	57.908022	1050.438564	190.884589	36.237499	
4.110000	46.448386	9.722477	4.906737	15.439427	27.685637	6.732492	95.976805	40.768715	58.263342	1050.673258	191.152690	36.555172	
4.120000	46.415994	9.742802	4.899025	15.377544	27.718710	6.806528	96.362569	40.672929	58.617658	1050.907205	191.419303	36.874220	
4.130000	46.383850	9.762532	4.891354	15.316943	27.751793	6.881665	96.746587	40.574565	58.970930	1051.140396	191.684430	37.194636	
4.140000	46.351959	9.781661	4.883723	15.257642	27.784887	6.957847	97.128835	40.473622	59.323123	1051.372820	191.948068	37.516418	
4.150000	46.320325	9.800181	4.876131	15.199656	27.817991	7.035016	97.509295	40.370100	59.674200	1051.604466	192.210219	37.839560	
4.160000	46.288955	9.818088	4.868578	15.143000	27.851107	7.113113	97.887947	40.263999	60.024126	1051.835323	192.470881	38.164059	
4.170000	46.257852	9.835375	4.861065	15.087688	27.884236	7.192082	98.264771	40.155319	60.372866	1052.065381	192.730055	38.489910	
4.180000	46.227022	9.852039	4.853590	15.033732	27.917377	7.271865	98.639749	40.044062	60.720384	1052.294630	192.987740	38.817108	
4.190000	46.196470	9.868073	4.846153	14.981144	27.950533	7.352405	99.012864	39.930231	61.066647	1052.523059	193.243936	39.145649	
4.200000	46.166200	9.883476	4.838754	14.929935	27.983705	7.433646	99.384099	39.813829	61.411623	1052.750658	193.498643	39.475529	
4.210000	46.136217	9.898243	4.831393	14.880113	28.016894	7.515531	99.753439	39.694859	61.755278	1052.977416	193.751861	39.806743	
4.220000	46.106524	9.912371	4.824070	14.831689	28.050103	7.598004	100.120869	39.573327	62.097581	1053.203324	194.003590	40.139287	
4.230000	46.077127	9.925859	4.816783	14.784669	28.083334	7.681009	100.486374	39.449238	62.438501	1053.428370	194.253829	40.473155	
4.240000	46.048029	9.938702	4.809534	14.739061	28.116588	7.764491	100.849942	39.322599	62.778008	1053.652545	194.502579	40.808344	
4.250000	46.019234	9.950901	4.802322	14.694870	28.149868	7.848394	101.211560	39.193416	63.116073	1053.875838	194.749840	41.144849	
4.260000	45.990747	9.962454	4.795146	14.652102	28.183176	7.932666	101.571216	39.061697	63.452668	1054.098239	194.995611	41.482664	
4.270000	45.962571	9.973359	4.788007	14.610760	28.216515	8.017251	101.928901	38.927451	63.787765	1054.319738	195.239894	41.821786	
4.280000	45.934709	9.983618	4.780905	14.570848	28.249887	8.102096	102.284604	38.790687	64.121338	1054.540325	195.482686	42.162210	
4.290000	45.907166	9.993228	4.773838	14.532368	28.283295	8.187148	102.638317	38.651415	64.453361	1054.759990	195.723990	42.503930	
4.300000	45.879945	10.002192	4.766808	14.495321	28.316742	8.272355	102.990033	38.509644	64.783809	1054.978722	195.963805	42.846942	
4.310000	45.853048	10.010509	4.759814	14.459709	28.350229	8.357664	103.339743	38.365387	65.112659	1055.196512	196.202130	43.191242	
4.320000	45.826480	10.018182	4.752857	14.425531	28.383762	8.443026	103.687443	38.218654	65.439888	1055.413349	196.438967	43.536823	
4.330000	45.800243	10.025211	4.745935	14.392785	28.417341	8.528388	104.033127	38.069459	65.765474	1055.629224	196.674316	43.883682	
4.340000	45.774341	10.031598	4.739050	14.361471	28.450970	8.613701	104.376790	37.917813	66.089397	1055.844126	196.908176	44.231814	
4.350000	45.748775	10.037345	4.732200	14.331586	28.484651	8.698916	104.718431	37.763730	66.411636	1056.058046	197.140548	44.581213	
4.360000	45.723550	10.042456	4.725387	14.303126	28.518389	8.783984	105.058046	37.607225	66.732173	1056.270973	197.371433	44.931874	
4.370000	45.698667	10.046933	4.718610	14.276088	28.552185	8.868857	105.395634	37.448311	67.050990	1056.482899	197.600830	45.283793	
4.380000	45.674129	10.050780	4.711869	14.250467	28.586042	8.953488	105.731194	37.287004	67.368071	1056.693812	197.828740	45.636965	
4.390000	45.649938	10.053999	4.705165	14.226256	28.619964	9.037830	106.064727	37.123319	67.683398	1056.903704	198.055163	45.991383	
4.400000	45.626097	10.056596	4.698497	14.203451	28.653953	9.121837	106.396233	36.957272	67.996959	1057.112563	198.280100	46.347044	
4.410000	45.602607	10.058574	4.691865	14.182045	28.688011	9.205464	106.725715	36.788879	68.308738	1057.320382	198.503551	46.703943	
4.420000	45.579472	10.059937	4.685271	14.162029	28.722142	9.288668	107.053176	36.618158	68.618723	1057.527149	198.725517	47.062073	
4.430000	45.556692	10.060691	4.678713	14.143396	28.756347	9.371404	107.378619	36.445125	68.926902	1057.732855	198.945997	47.421430	
4.440000	45.534271	10.060840	4.672192	14.126137	28.790630	9.453630	107.702048	36.269798	69.233264	1057.937491	199.164994	47.782008	
4.450000	45.512208	10.060391	4.665709	14.110242	28.824993	9.535304	108.023469	36.092195	69.537800	1058.141047	199.382506	48.143803	
4.460000	45.490507	10.059348	4.659264	14.095703	28.859438	9.616384	108.342888	35.912334	69.840499	1058.343512	199.598535	48.506809	
4.470000	45.469169	10.057717	4.652856	14.082508	28.893968	9.696831	108.660311	35.730235	70.141355	1058.544879	199.813081	48.871021	
4.480000	45.448194	10.055506	4.646486	14.070646	28.928584	9.776606	108.975746	35.545916	70.440360	1058.745136	200.026145	49.236433	
4.490000	45.427585	10.052719	4.640154	14.060106	28.963288	9.855668	109.289201	35.359396	70.737509	1058.944274	200.237727	49.603040	
4.500000	45.407344	10.049364	4.633861	14.050876	28.998083	9.933982	109.600685	35.170696	71.032795	1059.142284	200.447829	49.970837	
4.510000	45.387470	10.045447	4.627607	14.042943	29.032971	10.011509	109.910207	34.979835	71.326214	1059.339157	200.656450	50.339819	
4.520000	45.367965	10.040976	4.621393	14.036294	29.067952	10.088214	110.217779	34.786833	71.617763	1059.534882	200.863592	50.709979	
4.530000	45.348830	10.035958	4.615217	14.030915	29.103029	10.164062	110.523409	34.591711	71.907440	1059.729451	201.069255	51.081313	
4.540000	45.330067	10.030401	4.609082	14.026793	29.138202	10.239018	110.827111	34.394489	72.195242	1059.922853	201.273440	51.453815	
4.550000	45.311675	10.024311	4.602987	14.023913	29.173474	10.313049	111.128895	34.195189	72.481169	1060.115080	201.476148	51.827479	
4.560000	45.293657	10.017697	4.596932	14.022261	29.208845	10.386123	111.428775	33.993831	72.765220	1060.306122	201.677380	52.202300	
4.570000	45.276011	10.010567	4.590918	14.021821	29.244316	10.458207	111.726764	33.790436	73.047397	1060.495970	201.877136	52.578273	
4.580000	45.258740	10.002930	4.584946	14.022577	29.279890	10.529272	112.022875	33.585027	73.327700	1060.684614	202.075418	52.955391	
4.590000	45.241843	9.994792	4.579015	14.024515	29.315565	10.599287	112.317122	33.377624	73.606132	1060.872046	202.272225	53.333650	
4.600000	45.225321	9.986164	4.573126	14.027616	29.351343	10.668223	112.609520	33.168250	73.882696	1061.058255	202.467560	53.713043	
4.610000	45.209175	9.977054	4.567279	14.031865	29.387224	10.736053	112.900084	32.956926	74.157396	1061.243232	202.661423	54.093565	
4.620000	45.193405	9.967469	4.561475	14.037246	29.423209	10.802748	113.188829	32.743674	74.430235	1061.426969	202.853815	54.475211	
4.630000	45.178011	9.957421	4.555715	14.043739	29.459298	10.868284	113.475772	32.528516	74.701219	1061.609456	203.044736	54.857974	
4.640000	45.162993	9.946917	4.549998	14.051329	29.495490	10.932634	113.760929	32.311474	74.970354	1061.790683	203.234189	55.241849	
4.650000	45.148353	9.935966	4.544325	14.059997	29.531786	10.995774	114.044315	32.092571	75.237646	1061.970643	203.422174	55.626830	
4.660000	45.134089	9.924578	4.538696	14.069725	29.568185	11.057680	114.325949	31.871830	75.503102	1062.149324	203.608692	56.012911	
4.670000	45.120202	9.912763	4.533112	14.080496	29.604687	11.118331	114.605847	31.649271	75.766729	1062.326719	203.793744	56.400087	
4.680000	45.106692	9.900530	4.527574	14.092290	29.641291	11.177703	114.884027	31.424917	76.028537	1062.502819	203.977331	56.788351	
4.690000	45.093559	9.887888	4.522082	14.105088	29.677997	11.235776	115.160506	31.198792	76.288532	1062.677613	204.159455	57.177699	
4.700000	45.080804	9.874847	4.516635	14.118873	29.714803	11.292530	115.435304	30.970917	76.546725	1062.851093	204.340116	57.568123	
4.710000	45.068425	9.861417	4.511235	14.133625	29.751709	11.347946	115.708437	30.741315	76.803126	1063.023250	204.519315	57.959618	
4.720000	45.056424	9.847608	4.505882	14.149324	29.788714	11.402006	115.979925	30.510008	77.057744	1063.194075	204.697055	58.352178	
4.730000	45.044799	9.833429	4.500577	14.165952	29.825816	11.454691	116.249785	30.277019	77.310591	1063.363559	204.873335	58.745798	
4.740000	45.033551	9.818891	4.495320	14.183488	29.863014	11.505986	116.518038	30.042369	77.561677	1063.531693	205.048157	59.140471	
4.750000	45.022680	9.804003	4.490110	14.201914	29.900307	11.555875	116.784701	29.806082	77.811015	1063.698468	205.221523	59.536191	
4.760000	45.012185	9.788776	4.484950	14.221210	29.937692	11.604343	117.049795	29.568180	78.058616	1063.863875	205.393434	59.932952	
4.770000	45.002066	9.773220	4.479838	14.241355	29.975169	11.651376	117.313337	29.328684	78.304493	1064.027905	205.563890	60.330748	
4.780000	44.992323	9.757344	4.474777	14.262330	30.012735	11.696960	117.575347	29.087617	78.548659	1064.190549	205.732894	60.729574	
4.790000	44.982955	9.741158	4.469765	14.284116	30.050389	11.741085	117.835845	28.845002	78.791126	1064.351799	205.900446	61.129422	
4.800000	44.973963	9.724674	4.464803	14.306691	30.088128	11.783737	118.094850	28.600859	79.031909	1064.511644	206.066548	61.530287	
4.810000	44.965346	9.707901	4.459892	14.330037	30.125950	11.824906	118.352381	28.355212	79.271021	1064.670078	206.231202	61.932163	
4.820000	44.957103	9.690849	4.455032	14.354132	30.163853	11.864582	118.608458	28.108082	79.508477	1064.827090	206.394408	62.335044	
4.830000	44.949235	9.673529	4.450224	14.378957	30.201835	11.902757	118.863100	27.859490	79.744291	1064.982672	206.556167	62.738923	
4.840000	44.941741	9.655951	4.445468	14.404492	30.239894	11.939422	119.116326	27.609459	79.978477	1065.136814	206.716483	63.143794	
4.850000	44.934620	9.638124	4.440764	14.430717	30.278026	11.974569	119.368156	27.358010	80.211052	1065.289510	206.875354	63.549651	
4.860000	44.927873	9.620059	4.436112	14.457612	30.316229	12.008191	119.618608	27.105163	80.442029	1065.440748	207.032785	63.956487	
4.870000	44.921498	9.601766	4.431514	14.485156	30.354502	12.040284	119.867703	26.850942	80.671426	1065.590522	207.188774	64.364297	
4.880000	44.915497	9.583256	4.426969	14.513330	30.392840	12.070841	120.115459	26.595366	80.899256	1065.738822	207.343325	64.773074	
4.890000	44.909867	9.564538	4.422478	14.542114	30.431241	12.099858	120.361896	26.338457	81.125537	1065.885639	207.496438	65.182812	
4.900000	44.904610	9.545622	4.418040	14.571487	30.469703	12.127331	120.607031	26.080236	81.350284	1066.030965	207.648116	65.593504	
4.910000	44.899724	9.526519	4.413658	14.601431	30.508223	12.153257	120.850884	25.820723	81.573514	1066.174791	207.798359	66.005143	
4.920000	44.895209	9.507239	4.409329	14.631926	30.546797	12.177634	121.093474	25.559939	81.795244	1066.317108	207.947169	66.417725	
4.930000	44.891065	9.487790	4.405056	14.662951	30.585423	12.200461	121.334819	25.297904	82.015488	1066.457908	208.094548	66.831241	
4.940000	44.887291	9.468184	4.400838	14.694488	30.624098	12.221736	121.574938	25.034638	82.234266	1066.597182	208.240497	67.245686	
4.950000	44.883887	9.448431	4.396676	14.726516	30.662818	12.241459	121.813848	24.770163	82.451592	1066.734922	208.385018	67.661053	
4.960000	44.880841	9.428539	4.392569	14.759017	30.701582	12.259631	122.051568	24.504497	82.667485	1066.871119	208.528113	68.077335	
4.970000	44.878153	9.408519	4.388517	14.791971	30.740385	12.276252	122.288115	24.237660	82.881961	1067.005764	208.669782	68.494527	
4.980000	44.875824	9.388380	4.384520	14.825358	30.779224	12.291325	122.523507	23.969672	83.095038	1067.138849	208.810028	68.912620	
4.990000	44.873852	9.368132	4.380579	14.859158	30.818096	12.304853	122.757762	23.700552	83.306732	1067.270365	208.948852	69.331609	
5.000000	44.872239	9.347785	4.376695	14.893352	30.856998	12.316838	122.990897	23.430319	83.517061	1067.400304	209.086256	69.751487	
5.010000	44.870983	9.327348	4.372866	14.927922	30.895926	12.327284	123.222928	23.158992	83.726042	1067.528657	209.222242	70.172247	
5.020000	44.870084	9.306830	4.369095	14.962848	30.934877	12.336195	123.453873	22.886591	83.933692	1067.655416	209.356810	70.593882	
5.030000	44.869543	9.286241	4.365380	14.998111	30.973847	12.343577	123.683748	22.613133	84.140030	1067.780572	209.489964	71.016386	
5.040000	44.869359	9.265590	4.361723	15.033694	31.012833	12.349435	123.912569	22.338637	84.345071	1067.904117	209.621704	71.439751	
5.050000	44.869532	9.244886	4.358123	15.069578	31.051831	12.353775	124.140352	22.063121	84.548834	1068.026041	209.752032	71.863970	
5.060000	44.870062	9.224139	4.354581	15.105745	31.090839	12.356603	124.367113	21.786604	84.751337	1068.146338	209.880950	72.289038	
5.070000	44.870949	9.203356	4.351097	15.142177	31.129852	12.357928	124.592868	21.509102	84.952595	1068.264998	210.008461	72.714946	
5.080000	44.872193	9.182547	4.347671	15.178858	31.168869	12.357756	124.817632	21.230634	85.152628	1068.382013	210.134564	73.141689	
5.090000	44.873793	9.161722	4.344304	15.215768	31.207884	12.356097	125.041419	20.951216	85.351451	1068.497375	210.259263	73.569258	
5.100000	44.875751	9.140887	4.340996	15.252893	31.246895	12.352958	125.264244	20.670866	85.549084	1068.611075	210.382559	73.997647	
5.110000	44.878065	9.120052	4.337746	15.290214	31.285900	12.348349	125.486123	20.389601	85.745542	1068.723105	210.504453	74.426849	
5.120000	44.880736	9.099226	4.334556	15.327715	31.324893	12.342280	125.707068	20.107438	85.940843	1068.833456	210.624949	74.856857	
5.130000	44.883764	9.078417	4.331424	15.365380	31.363874	12.334761	125.927094	19.824392	86.135004	1068.942121	210.744047	75.287663	
5.140000	44.887149	9.057632	4.328353	15.403193	31.402837	12.325803	126.146215	19.540480	86.328043	1069.049090	210.861749	75.719261	
5.150000	44.890892	9.036880	4.325341	15.441138	31.441781	12.315417	126.364443	19.255719	86.519976	1069.154357	210.978058	76.151643	
5.160000	44.894991	9.016170	4.322390	15.479199	31.480702	12.303614	126.581793	18.970123	86.710821	1069.257912	211.092974	76.584803	
5.170000	44.899448	8.995508	4.319498	15.517361	31.519597	12.290406	126.798275	18.683708	86.900594	1069.359747	211.206501	77.018732	
5.180000	44.904262	8.974903	4.316667	15.555609	31.558463	12.275807	127.013904	18.396491	87.089313	1069.459854	211.318640	77.453424	
5.190000	44.909434	8.954362	4.313896	15.593929	31.597297	12.259829	127.228690	18.108485	87.276994	1069.558225	211.429392	77.888872	
5.200000	44.914964	8.933893	4.311186	15.632306	31.636097	12.242484	127.442646	17.819706	87.463653	1069.654852	211.538760	78.325067	
5.210000	44.920852	8.913503	4.308537	15.670725	31.674860	12.223787	127.655784	17.530168	87.649309	1069.749727	211.646746	78.762004	
5.220000	44.927099	8.893200	4.305950	15.709172	31.713583	12.203751	127.868115	17.239886	87.833976	1069.842840	211.753352	79.199673	
5.230000	44.933704	8.872990	4.303423	15.747634	31.752263	12.182392	128.079649	16.948874	88.017672	1069.934185	211.858579	79.638069	
5.240000	44.940668	8.852881	4.300958	15.786098	31.790898	12.159723	128.290398	16.657146	88.200413	1070.023754	211.962430	80.077183	
5.250000	44.947991	8.832879	4.298555	15.824550	31.829485	12.135759	128.500371	16.364715	88.382215	1070.111537	212.064907	80.517008	
5.260000	44.955674	8.812991	4.296213	15.862978	31.868021	12.110516	128.709580	16.071595	88.563094	1070.197528	212.166011	80.957537	
5.270000	44.963717	8.793224	4.293933	15.901368	31.906505	12.084009	128.918033	15.777800	88.743067	1070.281717	212.265745	81.398761	
5.280000	44.972120	8.773585	4.291716	15.939709	31.944933	12.056255	129.125740	15.483342	88.922148	1070.364098	212.364111	81.840674	
5.290000	44.980884	8.754079	4.289561	15.977988	31.983304	12.027268	129.332711	15.188233	89.100355	1070.444661	212.461111	82.283268	
5.300000	44.990010	8.734713	4.287468	16.016194	32.021614	11.997067	129.538954	14.892488	89.277702	1070.523400	212.556746	82.726535	
5.310000	44.999496	8.715493	4.285438	16.054316	32.059863	11.965667	129.744478	14.596117	89.454205	1070.600306	212.651020	83.170467	
5.320000	45.009345	8.696425	4.283471	16.092341	32.098048	11.933086	129.949292	14.299133	89.629880	1070.675370	212.743934	83.615057	
5.330000	45.019557	8.677515	4.281567	16.130259	32.136166	11.899340	130.153404	14.001548	89.804742	1070.748586	212.835490	84.060297	
5.340000	45.030131	8.658768	4.279726	16.168060	32.174216	11.864448	130.356821	13.703373	89.978805	1070.819946	212.925691	84.506179	
5.350000	45.041069	8.640190	4.277949	16.205733	32.212195	11.828426	130.559551	13.404620	90.152086	1070.889440	213.014538	84.952696	
5.360000	45.052371	8.621786	4.276235	16.243268	32.250102	11.791293	130.761601	13.105300	90.324599	1070.957063	213.102035	85.399838	
5.370000	45.064037	8.603563	4.274585	16.280656	32.287935	11.753066	130.962979	12.805423	90.496358	1071.022805	213.188182	85.847600	
5.380000	45.076069	8.585524	4.273000	16.317887	32.325692	11.713764	131.163690	12.505002	90.667379	1071.086658	213.272982	86.295972	
5.390000	45.088467	8.567675	4.271478	16.354951	32.363371	11.673405	131.363743	12.204045	90.837676	1071.148616	213.356437	86.744947	
5.400000	45.101230	8.550020	4.270021	16.391840	32.400971	11.632007	131.563142	11.902563	91.007263	1071.208670	213.438551	87.194517	
5.410000	45.114361	8.532565	4.268628	16.428545	32.438489	11.589590	131.761894	11.600567	91.176154	1071.266813	213.519324	87.644674	
5.420000	45.127859	8.515314	4.267300	16.465058	32.475925	11.546172	131.960004	11.298066	91.344364	1071.323036	213.598759	88.095409	
5.430000	45.141726	8.498271	4.266037	16.501371	32.513277	11.501773	132.157478	10.995070	91.511907	1071.377332	213.676859	88.546714	
5.440000	45.155959	8.481441	4.264839	16.537476	32.550542	11.456410	132.354322	10.691587	91.678795	1071.429694	213.753625	88.998582	
5.450000	45.170557	8.464829	4.263706	16.573365	32.587721	11.410104	132.550540	10.387628	91.845044	1071.480113	213.829061	89.451004	
5.460000	45.185520	8.448437	4.262639	16.609031	32.624811	11.362873	132.746136	10.083200	92.010667	1071.528582	213.903168	89.903972	
5.470000	45.200849	8.432270	4.261637	16.644467	32.661811	11.314738	132.941116	9.778314	92.175676	1071.575094	213.975949	90.357478	
5.480000	45.216545	8.416332	4.260700	16.679666	32.698719	11.265717	133.135483	9.472976	92.340085	1071.619640	214.047405	90.811513	
5.490000	45.232608	8.400626	4.259830	16.714621	32.735534	11.215831	133.329242	9.167196	92.503908	1071.662213	214.117541	91.266069	
5.500000	45.249040	8.385156	4.259026	16.749326	32.772254	11.165098	133.522397	8.860982	92.667157	1071.702805	214.186357	91.721137	
5.510000	45.265841	8.369926	4.258288	16.783774	32.808879	11.113539	133.714950	8.554341	92.829845	1071.741409	214.253856	92.176710	
5.520000	45.283012	8.354938	4.257617	16.817961	32.845406	11.061174	133.906905	8.247281	92.991984	1071.778018	214.320041	92.632777	
5.530000	45.300554	8.340196	4.257013	16.851881	32.881836	11.008021	134.098266	7.939810	93.153588	1071.812623	214.384914	93.089332	
5.540000	45.318467	8.325702	4.256476	16.885529	32.918166	10.954101	134.289036	7.631934	93.314669	1071.845217	214.448478	93.546365	
5.550000	45.336753	8.311460	4.256006	16.918899	32.954395	10.899434	134.479216	7.323661	93.475238	1071.875793	214.510735	94.003868	
5.560000	45.355412	8.297472	4.255604	16.951987	32.990522	10.844040	134.668810	7.014998	93.635308	1071.904344	214.571688	94.461833	
5.570000	45.374446	8.283742	4.255270	16.984790	33.026547	10.787938	134.857819	6.705952	93.794891	1071.930861	214.631339	94.920249	
5.580000	45.393854	8.270270	4.255005	17.017303	33.062468	10.731149	135.046247	6.396528	93.953998	1071.955337	214.689690	95.379109	
5.590000	45.413638	8.257060	4.254808	17.049522	33.098283	10.673691	135.234094	6.086733	94.112642	1071.977765	214.746745	95.838405	
5.600000	45.433798	8.244114	4.254679	17.081443	33.133993	10.615585	135.421363	5.776573	94.270834	1071.998138	214.802506	96.298126	
5.610000	45.454337	8.231435	4.254620	17.113065	33.169596	10.556851	135.608055	5.466054	94.428585	1072.016448	214.856975	96.758265	
5.620000	45.475253	8.219023	4.254630	17.144383	33.205091	10.497508	135.794172	5.155182	94.585906	1072.032688	214.910155	97.218812	
5.630000	45.496549	8.206881	4.254710	17.175395	33.240478	10.437576	135.979714	4.843962	94.742809	1072.046850	214.962049	97.679759	
5.640000	45.518225	8.195010	4.254859	17.206098	33.275755	10.377075	136.164682	4.532400	94.899304	1072.058928	215.012659	98.141096	
5.650000	45.540282	8.183413	4.255079	17.236491	33.310921	10.316024	136.349079	4.220500	95.055403	1072.068913	215.061988	98.602814	
5.660000	45.562721	8.172090	4.255369	17.266571	33.345976	10.254443	136.532903	3.908268	95.211116	1072.076799	215.110039	99.064905	
5.670000	45.585543	8.161043	4.255730	17.296338	33.380919	10.192351	136.716157	3.595709	95.366453	1072.082579	215.156815	99.527359	
5.680000	45.608749	8.150274	4.256162	17.325788	33.415750	10.129767	136.898839	3.282827	95.521425	1072.086244	215.202317	99.990168	
5.690000	45.632339	8.139783	4.256666	17.354922	33.450467	10.066711	137.080951	2.969627	95.676043	1072.087789	215.246550	100.453321	
5.700000	45.656314	8.129571	4.257241	17.383738	33.485069	10.003202	137.262493	2.656113	95.830315	1072.087205	215.289515	100.916810	
5.710000	45.680676	8.119640	4.257887	17.412235	33.519557	9.939258	137.443464	2.342289	95.984253	1072.084486	215.331216	101.380626	
5.720000	45.705425	8.109990	4.258607	17.440413	33.553928	9.874900	137.623864	2.028160	96.137867	1072.079625	215.371655	101.844759	
5.730000	45.730561	8.100622	4.259398	17.468272	33.588184	9.810145	137.803694	1.713729	96.291165	1072.072614	215.410835	102.309199	
5.740000	45.756087	8.091536	4.260263	17.495812	33.622322	9.745012	137.982952	1.398999	96.444158	1072.063446	215.448760	102.773939	
5.750000	45.782003	8.082733	4.261201	17.523032	33.656342	9.679521	138.161638	1.083975	96.596855	1072.052114	215.485431	103.238967	
5.760000	45.808309	8.074214	4.262212	17.549934	33.690245	9.613688	138.339752	0.768660	96.749265	1072.038612	215.520852	103.704274	
5.770000	45.835007	8.065977	4.263297	17.576517	33.724028	9.547534	138.517292	0.453057	96.901398	1072.022932	215.555026	104.169851	
5.780000	45.862097	8.058025	4.264456	17.602783	33.757691	9.481075	138.694258	0.137169	97.053263	1072.005067	215.587955	104.635689	
5.790000	45.889580	8.050356	4.265690	17.628732	33.791234	9.414331	138.870649	-0.179000	97.204869	1071.985011	215.619644	105.101778	
5.800000	45.917458	8.042971	4.266998	17.654367	33.824656	9.347318	139.046463	-0.495449	97.356224	1071.962755	215.650094	105.568107	
5.810000	45.945730	8.035870	4.268381	17.679687	33.857957	9.280054	139.221700	-0.812173	97.507337	1071.938294	215.679308	106.034668	
5.820000	45.974398	8.029052	4.269840	17.704696	33.891135	9.212558	139.396358	-1.129171	97.658218	1071.911621	215.707291	106.501451	
5.830000	46.003463	8.022517	4.271374	17.729394	33.924191	9.144846	139.570436	-1.446440	97.808873	1071.882728	215.734044	106.968445	
5.840000	46.032925	8.016264	4.272984	17.753783	33.957123	9.076935	139.743933	-1.763978	97.959313	1071.851608	215.759572	107.435641	
5.850000	46.062786	8.010294	4.274670	17.777867	33.989932	9.008844	139.916846	-2.081782	98.109545	1071.818256	215.783876	107.903030	
5.860000	46.093045	8.004605	4.276433	17.801646	34.022616	8.940587	140.089175	-2.399850	98.259577	1071.782663	215.806961	108.370600	
5.870000	46.123704	7.999196	4.278273	17.825125	34.055175	8.872183	140.260917	-2.718181	98.409418	1071.744824	215.828829	108.838343	
5.880000	46.154764	7.994068	4.280190	17.848304	34.087609	8.803648	140.432071	-3.036772	98.559074	1071.704731	215.849483	109.306247	
5.890000	46.186226	7.989219	4.282184	17.871188	34.119916	8.734997	140.602635	-3.355622	98.708555	1071.662378	215.868928	109.774304	
5.900000	46.218089	7.984648	4.284256	17.893779	34.152096	8.666247	140.772607	-3.674729	98.857868	1071.617758	215.887165	110.242502	
5.910000	46.250356	7.980354	4.286406	17.916081	34.184149	8.597414	140.941986	-3.994090	99.007020	1071.570864	215.904199	110.710832	
5.920000	46.283027	7.976336	4.288634	17.938096	34.216075	8.528514	141.110768	-4.313706	99.156019	1071.521690	215.920033	111.179283	
5.930000	46.316102	7.972593	4.290941	17.959829	34.247871	8.459561	141.278953	-4.633574	99.304872	1071.470229	215.934670	111.647846	
5.940000	46.349582	7.969124	4.293327	17.981283	34.279539	8.390572	141.446537	-4.953693	99.453587	1071.416474	215.948113	112.116509	
5.950000	46.383468	7.965926	4.295793	18.002462	34.311077	8.321561	141.613520	-5.274062	99.602171	1071.360418	215.960366	112.585263	
5.960000	46.417761	7.963000	4.298337	18.023369	34.342485	8.252543	141.779898	-5.594680	99.750631	1071.302056	215.971432	113.054096	
5.970000	46.452462	7.960343	4.300961	18.044009	34.373763	8.183533	141.945670	-5.915546	99.898973	1071.241381	215.981315	113.522999	
5.980000	46.487570	7.957954	4.303666	18.064387	34.404908	8.114545	142.110833	-6.236658	100.047206	1071.178386	215.990018	113.991962	
5.990000	46.523088	7.955830	4.306450	18.084506	34.435923	8.045593	142.275384	-6.558016	100.195336	1071.113064	215.997544	114.460972	
6.000000	46.559015	7.953972	4.309315	18.104371	34.466804	7.976691	142.439323	-6.879619	100.343369	1071.045409	216.003898	114.930020	
6.010000	46.595353	7.952375	4.312261	18.123987	34.497553	7.907853	142.602645	-7.201466	100.491312	1070.975415	216.009083	115.399096	
6.020000	46.632101	7.951040	4.315288	18.143357	34.528168	7.839092	142.765349	-7.523557	100.639173	1070.903075	216.013102	115.868188	
6.030000	46.669261	7.949964	4.318396	18.162489	34.558650	7.770421	142.927433	-7.845890	100.786956	1070.828383	216.015959	116.337285	
6.040000	46.706833	7.949145	4.321586	18.181385	34.588996	7.701854	143.088894	-8.168466	100.934669	1070.751332	216.017658	116.806377	
6.050000	46.744818	7.948581	4.324858	18.200052	34.619208	7.633402	143.249729	-8.491284	101.082319	1070.671916	216.018202	117.275453	
6.060000	46.783216	7.948269	4.328211	18.218494	34.649283	7.565080	143.409936	-8.814344	101.229910	1070.590129	216.017596	117.744501	
6.070000	46.822028	7.948209	4.331647	18.236717	34.679223	7.496898	143.569513	-9.137645	101.377451	1070.505964	216.015842	118.213512	
6.080000	46.861255	7.948398	4.335165	18.254726	34.709026	7.428869	143.728457	-9.461186	101.524946	1070.419416	216.012945	118.682474	
6.090000	46.900898	7.948833	4.338766	18.272526	34.738691	7.361004	143.886766	-9.784968	101.672401	1070.330477	216.008909	119.151375	
6.100000	46.940956	7.949512	4.342449	18.290124	34.768219	7.293316	144.044436	-10.108991	101.819824	1070.239142	216.003737	119.620205	
6.110000	46.981430	7.950433	4.346216	18.307525	34.797608	7.225815	144.201467	-10.433253	101.967219	1070.145404	215.997434	120.088952	
6.120000	47.022321	7.951593	4.350066	18.324734	34.826858	7.158512	144.357854	-10.757755	102.114592	1070.049258	215.990003	120.557605	
6.130000	47.063630	7.952991	4.353999	18.341758	34.855970	7.091418	144.513596	-11.082498	102.261950	1069.950697	215.981449	121.026154	
6.140000	47.105357	7.954624	4.358015	18.358602	34.884941	7.024544	144.668690	-11.407480	102.409298	1069.849714	215.971775	121.494585	
6.150000	47.147502	7.956489	4.362116	18.375272	34.913772	6.957899	144.823134	-11.732702	102.556642	1069.746305	215.960985	121.962889	
6.160000	47.190065	7.958583	4.366300	18.391775	34.942462	6.891494	144.976924	-12.058164	102.703987	1069.640463	215.949084	122.431053	
6.170000	47.233049	7.960905	4.370568	18.408116	34.971011	6.825339	145.130059	-12.383866	102.851340	1069.532181	215.936076	122.899067	
6.180000	47.276452	7.963451	4.374921	18.424302	34.999418	6.759442	145.282537	-12.709808	102.998704	1069.421454	215.921965	123.366918	
6.190000	47.320275	7.966219	4.379358	18.440339	35.027683	6.693813	145.434354	-13.035990	103.146087	1069.308276	215.906755	123.834594	
6.200000	47.364519	7.969206	4.383879	18.456233	35.055805	6.628461	145.585508	-13.362412	103.293494	1069.192641	215.890450	124.302085	
6.210000	47.409184	7.972410	4.388484	18.471991	35.083785	6.563395	145.735996	-13.689075	103.440929	1069.074543	215.873055	124.769378	
6.220000	47.454270	7.975828	4.393175	18.487618	35.111621	6.498623	145.885817	-14.015978	103.588399	1068.953976	215.854575	125.236461	
6.230000	47.499779	7.979457	4.397950	18.503122	35.139313	6.434154	146.034967	-14.343121	103.735909	1068.830934	215.835013	125.703323	
6.240000	47.545709	7.983295	4.402810	18.518509	35.166861	6.369994	146.183445	-14.670506	103.883463	1068.705412	215.814373	126.169952	
6.250000	47.592063	7.987338	4.407754	18.533784	35.194265	6.306153	146.331248	-14.998132	104.031068	1068.577404	215.792662	126.636336	
6.260000	47.638839	7.991583	4.412784	18.548956	35.221524	6.242636	146.478373	-15.325999	104.178729	1068.446903	215.769882	127.102462	
6.270000	47.686038	7.996029	4.417899	18.564030	35.248637	6.179452	146.624818	-15.654108	104.326450	1068.313904	215.746039	127.568319	
6.280000	47.733661	8.000671	4.423099	18.579013	35.275605	6.116607	146.770581	-15.982459	104.474237	1068.178402	215.721137	128.033894	
6.290000	47.781707	8.005508	4.428384	18.593911	35.302428	6.054108	146.915659	-16.311052	104.622096	1068.040391	215.695181	128.499175	
6.300000	47.830178	8.010536	4.433754	18.608732	35.329104	5.991961	147.060051	-16.639888	104.770031	1067.899864	215.668176	128.964151	
6.310000	47.879073	8.015752	4.439209	18.623482	35.355634	5.930172	147.203752	-16.968966	104.918048	1067.756818	215.640126	129.428808	
6.320000	47.928392	8.021154	4.444750	18.638167	35.382018	5.868747	147.346763	-17.298287	105.066152	1067.611245	215.611036	129.893134	
6.330000	47.978137	8.026738	4.450375	18.652794	35.408255	5.807692	147.489079	-17.627851	105.214348	1067.463141	215.580912	130.357117	
6.340000	48.028306	8.032502	4.456086	18.667370	35.434345	5.747012	147.630699	-17.957659	105.362641	1067.312500	215.549757	130.820744	
6.350000	48.078900	8.038442	4.461882	18.681901	35.460289	5.686713	147.771620	-18.287711	105.511036	1067.159316	215.517578	131.284003	
6.360000	48.129919	8.044557	4.467763	18.696395	35.486085	5.626798	147.911840	-18.618007	105.659539	1067.003584	215.484379	131.746881	
6.370000	48.181364	8.050842	4.473730	18.710857	35.511734	5.567273	148.051358	-18.948547	105.808155	1066.845299	215.450165	132.209365	
6.380000	48.233235	8.057294	4.479781	18.725294	35.537236	5.508142	148.190170	-19.279332	105.956889	1066.684456	215.414941	132.671443	
6.390000	48.285531	8.063912	4.485917	18.739714	35.562591	5.449409	148.328274	-19.610362	106.105746	1066.521048	215.378713	133.133102	
6.400000	48.338253	8.070691	4.492139	18.754122	35.587799	5.391077	148.465668	-19.941637	106.254731	1066.355071	215.341485	133.594329	
6.410000	48.391400	8.077630	4.498445	18.768526	35.612859	5.333152	148.602351	-20.273157	106.403850	1066.186520	215.303264	134.055110	
6.420000	48.444974	8.084724	4.504836	18.782932	35.637772	5.275635	148.738319	-20.604923	106.553108	1066.015389	215.264054	134.515434	
6.430000	48.498973	8.091972	4.511312	18.797345	35.662538	5.218530	148.873570	-20.936934	106.702510	1065.841673	215.223860	134.975287	
6.440000	48.553398	8.099369	4.517872	18.811774	35.687158	5.161840	149.008102	-21.269192	106.852062	1065.665367	215.182690	135.434655	
6.450000	48.608249	8.106914	4.524517	18.826224	35.711630	5.105567	149.141914	-21.601696	107.001769	1065.486466	215.140547	135.893527	
6.460000	48.663526	8.114603	4.531247	18.840702	35.735956	5.049715	149.275002	-21.934446	107.151636	1065.304965	215.097437	136.351887	
6.470000	48.719229	8.122434	4.538060	18.855214	35.760135	4.994285	149.407365	-22.267443	107.301669	1065.120859	215.053367	136.809724	
6.480000	48.775357	8.130402	4.544958	18.869767	35.784168	4.939278	149.539000	-22.600686	107.451874	1064.934143	215.008342	137.267024	
6.490000	48.831911	8.138507	4.551940	18.884367	35.808056	4.884698	149.669905	-22.934176	107.602256	1064.744812	214.962367	137.723773	
6.500000	48.888890	8.146744	4.559006	18.899019	35.831797	4.830545	149.800078	-23.267913	107.752820	1064.552862	214.915449	138.179958	
6.510000	48.946295	8.155111	4.566155	18.913732	35.855394	4.776821	149.929516	-23.601897	107.903572	1064.358286	214.867593	138.635565	
6.520000	49.004125	8.163605	4.573388	18.928510	35.878846	4.723527	150.058218	-23.936128	108.054519	1064.161082	214.818806	139.090581	
6.530000	49.062381	8.172223	4.580704	18.943359	35.902153	4.670663	150.186180	-24.270606	108.205665	1063.961243	214.769093	139.544992	
6.540000	49.121060	8.180963	4.588103	18.958286	35.925317	4.618231	150.313401	-24.605332	108.357017	1063.758765	214.718461	139.998785	
6.550000	49.180165	8.189821	4.595585	18.973298	35.948337	4.566231	150.439878	-24.940304	108.508581	1063.553644	214.666916	140.451945	
6.560000	49.239694	8.198796	4.603150	18.988398	35.971214	4.514662	150.565609	-25.275523	108.660363	1063.345875	214.614464	140.904459	
6.570000	49.299647	8.207883	4.610798	19.003595	35.993948	4.463525	150.690591	-25.610990	108.812368	1063.135454	214.561111	141.356313	
6.580000	49.360024	8.217081	4.618528	19.018892	36.016541	4.412821	150.814821	-25.946703	108.964603	1062.922375	214.506864	141.807493	
6.590000	49.420825	8.226387	4.626339	19.034297	36.038993	4.362548	150.938299	-26.282663	109.117075	1062.706635	214.451729	142.257985	
6.600000	49.482048	8.235798	4.634233	19.049814	36.061304	4.312706	151.061020	-26.618870	109.269789	1062.488229	214.395714	142.707774	
6.610000	49.543695	8.245312	4.642208	19.065450	36.083476	4.263294	151.182982	-26.955324	109.422753	1062.267153	214.338823	143.156847	
6.620000	49.605764	8.254926	4.650265	19.081209	36.105508	4.214311	151.304183	-27.292024	109.575973	1062.043402	214.281065	143.605189	
6.630000	49.668255	8.264637	4.658403	19.097098	36.127403	4.165757	151.424619	-27.628970	109.729455	1061.816973	214.222445	144.052787	
6.640000	49.731168	8.274444	4.666621	19.113121	36.149160	4.117629	151.544288	-27.966162	109.883207	1061.587861	214.162972	144.499625	
6.650000	49.794502	8.284342	4.674920	19.129283	36.170780	4.069927	151.663188	-28.303600	110.037235	1061.356061	214.102651	144.945690	
6.660000	49.858257	8.294331	4.683299	19.145591	36.192265	4.022649	151.781315	-28.641283	110.191547	1061.121571	214.041489	145.390967	
6.670000	49.922432	8.304408	4.691759	19.162048	36.213615	3.975792	151.898666	-28.979212	110.346150	1060.884386	213.979494	145.835441	
6.680000	49.987026	8.314570	4.700298	19.178660	36.234832	3.929356	152.015238	-29.317385	110.501051	1060.644502	213.916674	146.279098	
6.690000	50.052040	8.324815	4.708916	19.195431	36.255915	3.883337	152.131028	-29.655803	110.656258	1060.401915	213.853034	146.721923	
6.700000	50.117473	8.335140	4.717613	19.212367	36.276867	3.837735	152.246033	-29.994465	110.811779	1060.156621	213.788583	147.163902	
6.710000	50.183323	8.345545	4.726389	19.229471	36.297688	3.792545	152.360249	-30.333370	110.967620	1059.908616	213.723327	147.605020	
6.720000	50.249591	8.356025	4.735243	19.246749	36.318380	3.747766	152.473672	-30.672519	111.123791	1059.657898	213.657275	148.045261	
6.730000	50.316276	8.366579	4.744175	19.264205	36.338944	3.703394	152.586300	-31.011910	111.280300	1059.404461	213.590434	148.484612	
6.740000	50.383377	8.377206	4.753185	19.281844	36.359380	3.659428	152.698128	-31.351544	111.437154	1059.148304	213.522812	148.923057	
6.750000	50.450894	8.387902	4.762273	19.299668	36.379691	3.615863	152.809153	-31.691419	111.594363	1058.889421	213.454415	149.360581	
6.760000	50.518825	8.398667	4.771437	19.317683	36.399876	3.572698	152.919370	-32.031535	111.751935	1058.627810	213.385253	149.797169	
6.770000	50.587170	8.409497	4.780678	19.335893	36.419939	3.529927	153.028775	-32.371892	111.909879	1058.363467	213.315333	150.232806	
6.780000	50.655928	8.420391	4.789996	19.354301	36.439879	3.487549	153.137365	-32.712489	112.068204	1058.096390	213.244663	150.667477	
6.790000	50.725095	8.431348	4.799389	19.372911	36.459699	3.445560	153.245134	-33.053325	112.226920	1057.826573	213.173251	151.101166	
6.800000	50.794668	8.442365	4.808857	19.391727	36.479399	3.403956	153.352078	-33.394400	112.386037	1057.554016	213.101105	151.533859	
6.810000	50.864645	8.453440	4.818399	19.410751	36.498982	3.362733	153.458192	-33.735712	112.545563	1057.278714	213.028234	151.965540	
6.820000	50.935025	8.464572	4.828016	19.429986	36.518448	3.321888	153.563471	-34.077261	112.705509	1057.000664	212.954647	152.396193	
6.830000	51.005808	8.475759	4.837707	19.449436	36.537798	3.281416	153.667911	-34.419047	112.865886	1056.719864	212.880350	152.825804	
6.840000	51.076993	8.487000	4.847471	19.469104	36.557035	3.241315	153.771504	-34.761068	113.026703	1056.436311	212.805354	153.254355	
6.850000	51.148577	8.498293	4.857308	19.488991	36.576159	3.201579	153.874247	-35.103324	113.187973	1056.150002	212.729666	153.681833	
6.860000	51.220561	8.509636	4.867218	19.509101	36.595171	3.162205	153.976132	-35.445814	113.349705	1055.860933	212.653296	154.108220	
6.870000	51.292943	8.521028	4.877200	19.529436	36.614074	3.123189	154.077154	-35.788536	113.511911	1055.569104	212.576253	154.533502	
6.880000	51.365722	8.532467	4.887254	19.549998	36.632868	3.084526	154.177307	-36.131490	113.674604	1055.274510	212.498545	154.957663	
6.890000	51.438897	8.543953	4.897379	19.570790	36.651556	3.046211	154.276583	-36.474675	113.837794	1054.977150	212.420181	155.380686	
6.900000	51.512466	8.555484	4.907575	19.591813	36.670138	3.008242	154.374977	-36.818091	114.001494	1054.677022	212.341171	155.802557	
6.910000	51.586429	8.567058	4.917842	19.613071	36.688616	2.970612	154.472480	-37.161735	114.165716	1054.374122	212.261524	156.223258	
6.920000	51.660784	8.578674	4.928179	19.634564	36.706991	2.933318	154.569086	-37.505606	114.330475	1054.068449	212.181249	156.642774	
6.930000	51.735530	8.590332	4.938585	19.656295	36.725267	2.896355	154.664786	-37.849705	114.495782	1053.760001	212.100356	157.061090	
6.940000	51.810666	8.602030	4.949060	19.678265	36.743442	2.859718	154.759573	-38.194029	114.661652	1053.448776	212.018854	157.478188	
6.950000	51.886190	8.613767	4.959604	19.700476	36.761521	2.823403	154.853437	-38.538578	114.828098	1053.134771	211.936753	157.894053	
6.960000	51.962101	8.625543	4.970216	19.722929	36.779504	2.787405	154.946371	-38.883349	114.995135	1052.817985	211.854064	158.308669	
6.970000	52.038398	8.637355	4.980896	19.745626	36.797392	2.751719	155.038365	-39.228343	115.162778	1052.498416	211.770794	158.722018	
6.980000	52.115078	8.649204	4.991643	19.768567	36.815189	2.716342	155.129409	-39.573557	115.331041	1052.176062	211.686956	159.134087	
6.990000	52.192142	8.661089	5.002457	19.791754	36.832895	2.681266	155.219494	-39.918991	115.499941	1051.850922	211.602559	159.544856	
7.000000	52.269586	8.673008	5.013337	19.815187	36.850512	2.646489	155.308609	-40.264642	115.669494	1051.522995	211.517612	159.954311	
7.010000	52.347411	8.684961	5.024283	19.838867	36.868042	2.612006	155.396743	-40.610511	115.839716	1051.192278	211.432127	160.362436	
7.020000	52.425614	8.696948	5.035294	19.862796	36.885488	2.577811	155.483886	-40.956594	116.010623	1050.858771	211.346114	160.769212	
7.030000	52.504193	8.708968	5.046370	19.886973	36.902850	2.543899	155.570025	-41.302891	116.182235	1050.522473	211.259584	161.174625	
7.040000	52.583148	8.721020	5.057510	19.911399	36.920130	2.510267	155.655148	-41.649401	116.354568	1050.183382	211.172546	161.578657	
7.050000	52.662476	8.733104	5.068714	19.936074	36.937332	2.476908	155.739243	-41.996121	116.527640	1049.841497	211.085013	161.981292	
7.060000	52.742176	8.745220	5.079982	19.960997	36.954456	2.443820	155.822296	-42.343050	116.701472	1049.496818	210.996994	162.382513	
7.070000	52.822246	8.757367	5.091312	19.986171	36.971504	2.410995	155.904294	-42.690187	116.876083	1049.149344	210.908501	162.782304	
7.080000	52.902685	8.769544	5.102704	20.011592	36.988479	2.378431	155.985222	-43.037530	117.051493	1048.799073	210.819545	163.180648	
7.090000	52.983490	8.781753	5.114158	20.037263	37.005382	2.346122	156.065065	-43.385078	117.227722	1048.446006	210.730137	163.577528	
7.100000	53.064661	8.793991	5.125674	20.063182	37.022216	2.314064	156.143808	-43.732828	117.404793	1048.090142	210.640289	163.972927	
7.110000	53.146195	8.806260	5.137250	20.089348	37.038982	2.282252	156.221435	-44.080778	117.582727	1047.731481	210.550012	164.366829	
7.120000	53.228090	8.818559	5.148886	20.115762	37.055682	2.250681	156.297928	-44.428928	117.761547	1047.370022	210.459318	164.759217	
7.130000	53.310346	8.830889	5.160582	20.142421	37.072320	2.219348	156.373271	-44.777275	117.941277	1047.005766	210.368218	165.150073	
7.140000	53.392959	8.843248	5.172336	20.169326	37.088895	2.188246	156.447444	-45.125817	118.121940	1046.638712	210.276725	165.539382	
7.150000	53.475928	8.855638	5.184150	20.196475	37.105412	2.157373	156.520429	-45.474553	118.303562	1046.268860	210.184850	165.927125	
7.160000	53.559251	8.868058	5.196022	20.223867	37.121871	2.126724	156.592206	-45.823480	118.486169	1045.896210	210.092605	166.313287	
7.170000	53.642926	8.880509	5.207951	20.251500	37.138276	2.096293	156.662755	-46.172597	118.669787	1045.520764	210.000003	166.697849	
7.180000	53.726951	8.892991	5.219937	20.279373	37.154627	2.066079	156.732053	-46.521901	118.854444	1045.142521	209.907055	167.080795	
7.190000	53.811325	8.905504	5.231979	20.307485	37.170928	2.036075	156.800079	-46.871390	119.040167	1044.761482	209.813775	167.462109	
7.200000	53.896045	8.918048	5.244077	20.335834	37.187180	2.006278	156.866809	-47.221062	119.226987	1044.377647	209.720175	167.841772	
7.210000	53.981108	8.930624	5.256231	20.364418	37.203385	1.976684	156.932219	-47.570915	119.414933	1043.991018	209.626268	168.219768	
7.220000	54.066514	8.943232	5.268440	20.393235	37.219546	1.947289	156.996283	-47.920947	119.604037	1043.601595	209.532066	168.596079	
7.230000	54.152260	8.955874	5.280702	20.422283	37.235665	1.918089	157.058976	-48.271155	119.794330	1043.209380	209.437583	168.970689	
7.240000	54.238344	8.968548	5.293019	20.451559	37.251744	1.889081	157.120269	-48.621537	119.985847	1042.814373	209.342832	169.343581	
7.250000	54.324763	8.981257	5.305389	20.481063	37.267785	1.860261	157.180135	-48.972091	120.178621	1042.416577	209.247825	169.714736	
7.260000	54.411516	8.993999	5.317811	20.510790	37.283790	1.831625	157.238543	-49.322813	120.372689	1042.015991	209.152577	170.084138	
7.270000	54.498600	9.006777	5.330285	20.540739	37.299762	1.803171	157.295462	-49.673702	120.568086	1041.612619	209.057100	170.451770	
7.280000	54.586013	9.019591	5.342811	20.570907	37.315702	1.774894	157.350861	-50.024755	120.764852	1041.206461	208.961409	170.817615	
7.290000	54.673753	9.032442	5.355387	20.601292	37.331614	1.746791	157.404706	-50.375970	120.963025	1040.797520	208.865517	171.181655	
7.300000	54.761818	9.045329	5.368015	20.631890	37.347499	1.718860	157.456961	-50.727342	121.162647	1040.385797	208.769438	171.543872	
7.310000	54.850204	9.058255	5.380691	20.662698	37.363359	1.691098	157.507590	-51.078870	121.363760	1039.971295	208.673186	171.904251	
7.320000	54.938902	9.071221	5.393417	20.693715	37.379196	1.663501	157.556555	-51.430551	121.566407	1039.554016	208.576775	172.262773	
7.330000	55.027903	9.084226	5.406189	20.724934	37.395014	1.636067	157.603817	-51.782382	121.770634	1039.133962	208.480219	172.619421	
7.340000	55.117205	9.097272	5.419009	20.756354	37.410813	1.608794	157.649333	-52.134359	121.976488	1038.711136	208.383534	172.974177	
7.350000	55.206805	9.110359	5.431874	20.787968	37.426596	1.581679	157.693062	-52.486479	122.184018	1038.285541	208.286733	173.327025	
7.360000	55.296700	9.123490	5.444785	20.819774	37.442364	1.554721	157.734957	-52.838740	122.393274	1037.857180	208.189832	173.677947	
7.370000	55.386889	9.136665	5.457742	20.851766	37.458120	1.527916	157.774973	-53.191138	122.604309	1037.426056	208.092844	174.026926	
7.380000	55.477368	9.149884	5.470743	20.883941	37.473864	1.501264	157.813060	-53.543669	122.817178	1036.992171	207.995786	174.373944	
7.390000	55.568135	9.163150	5.483788	20.916295	37.489599	1.474763	157.849167	-53.896330	123.031936	1036.555531	207.898673	174.718984	
7.400000	55.659188	9.176463	5.496876	20.948822	37.505326	1.448410	157.883242	-54.249117	123.248642	1036.116137	207.801519	175.062028	
7.410000	55.750523	9.189824	5.510008	20.981519	37.521048	1.422205	157.915228	-54.602027	123.467358	1035.673994	207.704340	175.403060	
7.420000	55.842138	9.203234	5.523181	21.014382	37.536766	1.396147	157.945067	-54.955055	123.688147	1035.229105	207.607151	175.742061	
7.430000	55.934030	9.216695	5.536397	21.047406	37.552481	1.370233	157.972700	-55.308197	123.911074	1034.781475	207.509970	176.079015	
7.440000	56.026197	9.230208	5.549653	21.080587	37.568196	1.344464	157.998063	-55.661450	124.136208	1034.331108	207.412810	176.413905	
7.450000	56.118636	9.243773	5.562951	21.113920	37.583913	1.318838	158.021090	-56.014808	124.363621	1033.878008	207.315689	176.746712	
7.460000	56.211343	9.257393	5.576288	21.147401	37.599632	1.293355	158.041713	-56.368268	124.593386	1033.422179	207.218621	177.077420	
7.470000	56.304317	9.271069	5.589665	21.181027	37.615357	1.268014	158.059858	-56.721824	124.825580	1032.963627	207.121625	177.406012	
7.480000	56.397554	9.284801	5.603080	21.214791	37.631088	1.242815	158.075452	-57.075472	125.060285	1032.502356	207.024715	177.732470	
7.490000	56.491052	9.298591	5.616534	21.248691	37.646828	1.217757	158.088414	-57.429208	125.297583	1032.038371	206.927910	178.056777	
7.500000	56.584807	9.312440	5.630026	21.282720	37.662578	1.192841	158.098664	-57.783024	125.537562	1031.571677	206.831224	178.378916	
7.510000	56.678818	9.326350	5.643554	21.316876	37.678340	1.168066	158.106115	-58.136918	125.780314	1031.102280	206.734675	178.698870	
7.520000	56.773080	9.340321	5.657120	21.351154	37.694116	1.143433	158.110677	-58.490882	126.025933	1030.630184	206.638281	179.016621	
7.530000	56.867592	9.354355	5.670721	21.385548	37.709907	1.118943	158.112255	-58.844910	126.274518	1030.155397	206.542057	179.332153	
7.540000	56.962349	9.368454	5.684357	21.420055	37.725716	1.094595	158.110751	-59.198998	126.526174	1029.677923	206.446023	179.645449	
7.550000	57.057350	9.382618	5.698028	21.454669	37.741544	1.070390	158.106061	-59.553138	126.781008	1029.197768	206.350193	179.956492	
7.560000	57.152592	9.396849	5.711734	21.489387	37.757393	1.046330	158.098078	-59.907324	127.039134	1028.714939	206.254588	180.265264	
7.570000	57.248070	9.411149	5.725472	21.524204	37.773264	1.022415	158.086687	-60.261549	127.300670	1028.229443	206.159223	180.571749	
7.580000	57.343783	9.425517	5.739244	21.559115	37.789160	0.998647	158.071769	-60.615806	127.565740	1027.741285	206.064118	180.875929	
7.590000	57.439728	9.439957	5.753048	21.594117	37.805083	0.975026	158.053200	-60.970087	127.834473	1027.250473	205.969289	181.177790	
7.600000	57.535900	9.454468	5.766884	21.629203	37.821033	0.951555	158.030847	-61.324385	128.107006	1026.757012	205.874755	181.477312	
7.610000	57.632299	9.469052	5.780751	21.664370	37.837013	0.928234	158.004573	-61.678692	128.383482	1026.260912	205.780534	181.774480	
7.620000	57.728919	9.483711	5.794648	21.699613	37.853025	0.905067	157.974234	-62.032999	128.664048	1025.762178	205.686646	182.069277	
7.630000	57.825758	9.498446	5.808575	21.734929	37.869070	0.882053	157.939676	-62.387296	128.948863	1025.260818	205.593107	182.361687	
7.640000	57.922814	9.513257	5.822532	21.770311	37.885151	0.859196	157.900741	-62.741575	129.238091	1024.756840	205.499937	182.651693	
7.650000	58.020083	9.528146	5.836517	21.805756	37.901268	0.836498	157.857259	-63.095826	129.531904	1024.250251	205.407155	182.939278	
7.660000	58.117562	9.543114	5.850531	21.841260	37.917424	0.813961	157.809053	-63.450039	129.830485	1023.741060	205.314780	183.224427	
7.670000	58.215247	9.558163	5.864571	21.876818	37.933620	0.791587	157.755936	-63.804202	130.134024	1023.229275	205.222831	183.507122	
7.680000	58.313136	9.573293	5.878639	21.912426	37.949859	0.769379	157.697711	-64.158304	130.442723	1022.714905	205.131327	183.787348	
7.690000	58.411226	9.588506	5.892733	21.948078	37.966141	0.747340	157.634172	-64.512334	130.756793	1022.197957	205.040287	184.065088	
7.700000	58.509513	9.603802	5.906853	21.983772	37.982469	0.725472	157.565098	-64.866279	131.076458	1021.678441	204.949732	184.340327	
7.710000	58.607995	9.619182	5.920998	22.019503	37.998844	0.703779	157.490259	-65.220125	131.401953	1021.156366	204.859680	184.613048	
7.720000	58.706667	9.634649	5.935168	22.055267	38.015269	0.682264	157.409411	-65.573858	131.733526	1020.631741	204.770152	184.883236	
7.730000	58.805528	9.650202	5.949361	22.091059	38.031744	0.660929	157.322295	-65.927463	132.071440	1020.104575	204.681168	185.150874	
7.740000	58.904573	9.665842	5.963578	22.126875	38.048272	0.639779	157.228638	-66.280926	132.415971	1019.574877	204.592748	185.415947	
7.750000	59.003799	9.681571	5.977818	22.162712	38.064854	0.618816	157.128151	-66.634229	132.767413	1019.042659	204.504911	185.678440	
7.760000	59.103204	9.697389	5.992080	22.198565	38.081491	0.598044	157.020529	-66.987355	133.126076	1018.507929	204.417680	185.938337	
7.770000	59.202784	9.713297	6.006363	22.234431	38.098186	0.577467	156.905446	-67.340285	133.492288	1017.970698	204.331073	186.195622	
7.780000	59.302535	9.729296	6.020668	22.270305	38.114940	0.557088	156.782559	-67.692999	133.866397	1017.430976	204.245113	186.450280	
7.790000	59.402455	9.745386	6.034992	22.306184	38.131755	0.536912	156.651503	-68.045478	134.248772	1016.888775	204.159819	186.702295	
7.800000	59.502541	9.761569	6.049337	22.342064	38.148632	0.516942	156.511890	-68.397698	134.639804	1016.344103	204.075213	186.951654	
7.810000	59.602788	9.777845	6.063701	22.377942	38.165573	0.497182	156.363308	-68.749635	135.039909	1015.796974	203.991316	187.198341	
7.820000	59.703193	9.794214	6.078083	22.413814	38.182581	0.477636	156.205319	-69.101266	135.449530	1015.247398	203.908149	187.442340	
7.830000	59.803754	9.810678	6.092483	22.449676	38.199656	0.458309	156.037454	-69.452562	135.869138	1014.695386	203.825734	187.683638	
7.840000	59.904467	9.827236	6.106901	22.485525	38.216799	0.439205	155.859218	-69.803497	136.299232	1014.140950	203.744092	187.922219	
7.850000	60.005329	9.843889	6.121336	22.521358	38.234014	0.420327	155.670080	-70.154038	136.740348	1013.584102	203.663245	188.158070	
7.860000	60.106335	9.860638	6.135787	22.557171	38.251300	0.401681	155.469474	-70.504153	137.193054	1013.024854	203.583216	188.391176	
7.870000	60.207484	9.877482	6.150254	22.592962	38.268660	0.383271	155.256796	-70.853808	137.657959	1012.463218	203.504025	188.621522	
7.880000	60.308772	9.894423	6.164735	22.628727	38.286095	0.365100	155.031399	-71.202966	138.135713	1011.899208	203.425696	188.849095	
7.890000	60.410194	9.911460	6.179232	22.664464	38.303606	0.347175	154.792592	-71.551585	138.627010	1011.332834	203.348250	189.073881	
7.900000	60.511749	9.928593	6.193743	22.700169	38.321195	0.329499	154.539635	-71.899624	139.132594	1010.764112	203.271710	189.295867	
7.910000	60.613433	9.945824	6.208267	22.735840	38.338863	0.312076	154.271734	-72.247036	139.653262	1010.193053	203.196099	189.515037	
7.920000	60.715242	9.963151	6.222804	22.771474	38.356611	0.294913	153.988038	-72.593772	140.189870	1009.619671	203.121440	189.731381	
7.930000	60.817173	9.980574	6.237353	22.807069	38.374440	0.278012	153.687633	-72.939777	140.743335	1009.043980	203.047755	189.944883	
7.940000	60.919222	9.998094	6.251915	22.842623	38.392353	0.261379	153.369535	-73.284994	141.314642	1008.465994	202.975068	190.155531	
7.950000	61.021387	10.015711	6.266488	22.878132	38.410350	0.245018	153.032689	-73.629361	141.904853	1007.885726	202.903401	190.363313	
7.960000	61.123664	10.033424	6.281071	22.913595	38.428432	0.228935	152.675956	-73.972810	142.515108	1007.303191	202.832779	190.568216	
7.970000	61.226049	10.051234	6.295665	22.949010	38.446600	0.213133	152.298110	-74.315269	143.146637	1006.718404	202.763225	190.770227	
7.980000	61.328540	10.069138	6.310269	22.984375	38.464856	0.197618	151.897827	-74.656658	143.800768	1006.131379	202.694762	190.969334	
7.990000	61.431132	10.087139	6.324881	23.019688	38.483201	0.182393	151.473679	-74.996890	144.478931	1005.542131	202.627414	191.165525	
8.000000	61.533823	10.105234	6.339502	23.054948	38.501636	0.167464	151.024123	-75.335874	145.182673	1004.950676	202.561206	191.358788	
8.010000	61.636608	10.123423	6.354132	23.090152	38.520161	0.152836	150.547489	-75.673507	145.913667	1004.357028	202.496162	191.549113	
8.020000	61.739486	10.141707	6.368768	23.125299	38.538779	0.138512	150.041971	-76.009678	146.673723	1003.761204	202.432306	191.736487	
8.030000	61.842451	10.160083	6.383412	23.160389	38.557489	0.124497	149.505613	-76.344266	147.464800	1003.163220	202.369662	191.920900	
8.040000	61.945502	10.178551	6.398062	23.195419	38.576293	0.110796	148.936293	-76.677140	148.289023	1002.563091	202.308255	192.102341	
8.050000	62.048634	10.197112	6.412718	23.230389	38.595192	0.097413	148.331712	-77.008153	149.148695	1001.960833	202.248111	192.280799	
8.060000	62.151844	10.215762	6.427379	23.265298	38.614187	0.084353	147.689374	-77.337149	150.046314	1001.356465	202.189253	192.456265	
8.070000	62.255129	10.234503	6.442045	23.300144	38.633279	0.071619	147.006570	-77.663953	150.984593	1000.750002	202.131708	192.628728	
8.080000	62.358485	10.253331	6.456715	23.334928	38.652468	0.059216	146.280361	-77.988373	151.966474	1000.141461	202.075500	192.798179	
8.090000	62.461909	10.272248	6.471388	23.369649	38.671756	0.047148	145.507553	-78.310199	152.995154	999.530861	202.020655	192.964609	
8.100000	62.565398	10.291250	6.486064	23.404306	38.691143	0.035419	144.684681	-78.629199	154.074101	998.918217	201.967199	193.128009	
8.110000	62.668948	10.310338	6.500743	23.438899	38.710630	0.024033	143.807986	-78.945117	155.207077	998.303549	201.915157	193.288370	
8.120000	62.772555	10.329509	6.515424	23.473427	38.730219	0.012994	142.873391	-79.257670	156.398163	997.686875	201.864556	193.445684	
8.130000	62.876217	10.348763	6.530106	23.507892	38.749909	0.002305	141.876484	-79.566546	157.651773	997.068211	201.815421	193.599943	
8.140000	62.979930	10.368097	6.544789	23.542292	38.769702	-0.008030	140.812494	-79.871399	158.972682	996.447578	201.767780	193.751141	
8.150000	63.083691	10.387510	6.559471	23.576629	38.789599	-0.018007	139.676278	-80.171845	160.366035	995.824994	201.721658	193.899269	
8.160000	63.187496	10.407001	6.574153	23.610902	38.809600	-0.027624	138.462307	-80.467461	161.837366	995.200478	201.677081	194.044322	
8.170000	63.291341	10.426567	6.588835	23.645113	38.829705	-0.036877	137.164661	-80.757775	163.392596	994.574049	201.634078	194.186293	
8.180000	63.395224	10.446208	6.603514	23.679261	38.849917	-0.045763	135.777037	-81.042266	165.038032	993.945726	201.592674	194.325176	
8.190000	63.499141	10.465920	6.618191	23.713348	38.870236	-0.054278	134.292771	-81.320358	166.780341	993.315530	201.552896	194.460967	
8.200000	63.603089	10.485703	6.632865	23.747374	38.890661	-0.062422	132.704878	-81.591410	168.626511	992.683480	201.514772	194.593659	
8.210000	63.707064	10.505553	6.647536	23.781340	38.911195	-0.070190	131.006123	-81.854716	170.583779	992.049597	201.478329	194.723249	
8.220000	63.811063	10.525470	6.662202	23.815248	38.931838	-0.077581	129.189127	-82.109498	172.659529	991.413901	201.443594	194.849732	
8.230000	63.915082	10.545451	6.676864	23.849099	38.952591	-0.084591	127.246519	-82.354901	174.861134	990.776411	201.410595	194.973105	
8.240000	64.019119	10.565494	6.691521	23.882894	38.973454	-0.091220	125.171143	-82.589986	177.195753	990.137150	201.379357	195.093362	
8.250000	64.123170	10.585596	6.706172	23.916635	38.994429	-0.097466	122.956333	-82.813735	179.670055	989.496138	201.349910	195.210501	
8.260000	64.227231	10.605757	6.720817	23.950323	39.015515	-0.103326	120.596263	-83.025047	182.289870	988.853396	201.322281	195.324519	
8.270000	64.331299	10.625972	6.735455	23.983960	39.036713	-0.108799	118.086384	-83.222741	185.059752	988.208945	201.296496	195.435410	
8.280000	64.435371	10.646241	6.750087	24.017548	39.058024	-0.113884	115.423930	-83.405567	187.982468	987.562806	201.272584	195.543171	
8.290000	64.539443	10.666561	6.764712	24.051088	39.079448	-0.118579	112.608509	-83.572219	191.058416	986.915001	201.250572	195.647797	
8.300000	64.643513	10.686931	6.779329	24.084582	39.100986	-0.122885	109.642714	-83.721359	194.285004	986.265552	201.230488	195.749284	
8.310000	64.747576	10.707347	6.793939	24.118032	39.122637	-0.126799	106.532747	-83.851641	197.656038	985.614479	201.212360	195.847624	
8.320000	64.851629	10.727809	6.808543	24.151440	39.144400	-0.130321	103.288942	-83.961754	201.161185	984.961804	201.196217	195.942811	
8.330000	64.955669	10.748313	6.823140	24.184808	39.166276	-0.133451	99.926136	-84.050464	204.785613	984.307549	201.182088	196.034838	
8.340000	65.059693	10.768859	6.837731	24.218136	39.188262	-0.136189	96.463775	-84.116663	208.509884	983.651737	201.170001	196.123694	
8.350000	65.163696	10.789444	6.852316	24.251428	39.210357	-0.138534	92.925656	-84.159426	212.310201	982.994387	201.159988	196.209370	
8.360000	65.267677	10.810066	6.866897	24.284685	39.232559	-0.140486	89.339289	-84.178056	216.159063	982.335524	201.152079	196.291854	
8.370000	65.371630	10.830724	6.881474	24.317908	39.254866	-0.142046	85.734835	-84.172127	220.026310	981.675169	201.146306	196.371137	
8.380000	65.475553	10.851415	6.896048	24.351099	39.277275	-0.143213	82.143742	-84.141516	223.880504	981.013344	201.142700	196.447206	
8.390000	65.579442	10.872138	6.910619	24.384260	39.299780	-0.143989	78.597181	-84.086409	227.690475	980.350074	201.141293	196.520051	
8.400000	65.683293	10.892891	6.925188	24.417393	39.322379	-0.144373	75.124504	-84.007300	231.426878	979.685382	201.142118	196.589661	
8.410000	65.787103	10.913672	6.939756	24.450498	39.345065	-0.144367	71.751882	-83.904957	235.063547	979.019291	201.145204	196.656027	
8.420000	65.890869	10.934479	6.954321	24.483577	39.367835	-0.143971	68.501296	-83.780383	238.578509	978.351826	201.150582	196.719139	
8.430000	65.994586	10.955310	6.968884	24.516631	39.390683	-0.143187	65.389948	-83.634768	241.954564	977.683013	201.158282	196.778990	
8.440000	66.098251	10.976165	6.983445	24.549663	39.413605	-0.142014	62.430113	-83.469428	245.179445	977.012875	201.168330	196.835575	
8.450000	66.201861	10.997041	6.998002	24.582672	39.436595	-0.140455	59.629356	-83.285751	248.245594	976.341439	201.180753	196.888887	
8.460000	66.305411	11.017937	7.012555	24.615660	39.459649	-0.138511	56.991023	-83.085151	251.149671	975.668731	201.195576	196.938922	
8.470000	66.408899	11.038851	7.027101	24.648628	39.482763	-0.136183	54.514898	-82.869025	253.891900	974.994777	201.212824	196.985677	
8.480000	66.512320	11.059783	7.041640	24.681577	39.505933	-0.133472	52.197915	-82.638722	256.475352	974.319603	201.232518	197.029147	
8.490000	66.615671	11.080731	7.056170	24.714506	39.529157	-0.130380	50.034863	-82.395522	258.905247	973.643235	201.254681	197.069331	
8.500000	66.718948	11.101694	7.070690	24.747418	39.552432	-0.126909	48.019013	-82.140618	261.188321	972.965701	201.279335	197.106225	
8.510000	66.822148	11.122672	7.085198	24.780311	39.575757	-0.123059	46.142661	-81.875115	263.332286	972.287026	201.306499	197.139829	
8.520000	66.925267	11.143662	7.099692	24.813186	39.599129	-0.118833	44.397562	-81.600021	265.345395	971.607239	201.336196	197.170141	
8.530000	67.028301	11.164664	7.114171	24.846043	39.622550	-0.114233	42.775270	-81.316253	267.236102	970.926366	201.368445	197.197158	
8.540000	67.131246	11.185677	7.128633	24.878881	39.646017	-0.109260	41.267390	-81.024638	269.012809	970.244435	201.403266	197.220881	
8.550000	67.234100	11.206699	7.143077	24.911702	39.669533	-0.103915	39.865758	-80.725922	270.683689	969.561473	201.440681	197.241308	
8.560000	67.336858	11.227730	7.157501	24.944504	39.693098	-0.098202	38.562558	-80.420773	272.256565	968.877508	201.480710	197.258439	
8.570000	67.439518	11.248769	7.171904	24.977286	39.716712	-0.092120	37.350401	-80.109790	273.738836	968.192568	201.523373	197.272274	
8.580000	67.542074	11.269813	7.186284	25.010050	39.740379	-0.085673	36.222361	-79.793507	275.137433	967.506681	201.568692	197.282813	
8.590000	67.644524	11.290863	7.200642	25.042794	39.764098	-0.078863	35.171995	-79.472403	276.458810	966.819875	201.616688	197.290056	
8.600000	67.746864	11.311917	7.214974	25.075517	39.787874	-0.071691	34.193340	-79.146907	277.708937	966.132179	201.667382	197.294004	
8.610000	67.849091	11.332973	7.229281	25.108220	39.811707	-0.064159	33.280894	-78.817400	278.893323	965.443621	201.720796	197.294659	
8.620000	67.951200	11.354030	7.243561	25.140902	39.835601	-0.056270	32.429602	-78.484226	280.017031	964.754231	201.776951	197.292021	
8.630000	68.053188	11.375087	7.257814	25.173562	39.859557	-0.048025	31.634826	-78.147691	281.084708	964.064036	201.835870	197.286094	
8.640000	68.155052	11.396143	7.272038	25.206200	39.883579	-0.039428	30.892318	-77.808072	282.100611	963.373067	201.897574	197.276878	
8.650000	68.256788	11.417196	7.286233	25.238816	39.907669	-0.030480	30.198188	-77.465615	283.068636	962.681353	201.962085	197.264376	
8.660000	68.358393	11.438244	7.300398	25.271409	39.931830	-0.021184	29.548879	-77.120543	283.992349	961.988923	202.029427	197.248592	
8.670000	68.459862	11.459287	7.314532	25.303978	39.956063	-0.011541	28.941138	-76.773058	284.875011	961.295808	202.099622	197.229529	
8.680000	68.561192	11.480323	7.328636	25.336524	39.980372	-0.001556	28.371989	-76.423339	285.719606	960.602036	202.172691	197.207190	
8.690000	68.662380	11.501350	7.342707	25.369047	40.004758	0.008770	27.838707	-76.071552	286.528866	959.907639	202.248659	197.181580	
8.700000	68.763421	11.522367	7.356747	25.401544	40.029224	0.019434	27.338801	-75.717845	287.305292	959.212647	202.327547	197.152704	
8.710000	68.864313	11.543373	7.370754	25.434018	40.053772	0.030433	26.869987	-75.362352	288.051175	958.517089	202.409380	197.120565	
8.720000	68.965052	11.564366	7.384728	25.466466	40.078404	0.041765	26.430170	-75.005196	288.768618	957.820998	202.494179	197.085170	
8.730000	69.065633	11.585344	7.398668	25.498889	40.103120	0.053426	26.017430	-74.646489	289.459549	957.124403	202.581967	197.046525	
8.740000	69.166054	11.606307	7.412575	25.531287	40.127923	0.065414	25.630002	-74.286332	290.125742	956.427336	202.672769	197.004635	
8.750000	69.266310	11.627252	7.426447	25.563659	40.152815	0.077725	25.266266	-73.924820	290.768825	955.729828	202.766606	196.959507	
8.760000	69.366399	11.648179	7.440285	25.596006	40.177795	0.090356	24.924728	-73.562036	291.390300	955.031910	202.863501	196.911147	
8.770000	69.466316	11.669085	7.454088	25.628326	40.202864	0.103305	24.604014	-73.198059	291.991548	954.333614	202.963479	196.859564	
8.780000	69.566058	11.689969	7.467856	25.660620	40.228025	0.116567	24.302858	-72.832962	292.573847	953.634971	203.066561	196.804765	
8.790000	69.665621	11.710831	7.481589	25.692887	40.253275	0.130140	24.020088	-72.466811	293.138373	952.936015	203.172771	196.746759	
8.800000	69.765002	11.731667	7.495287	25.725127	40.278617	0.144020	23.754624	-72.099666	293.686217	952.236775	203.282132	196.685553	
8.810000	69.864197	11.752478	7.508948	25.757340	40.304050	0.158204	23.505467	-71.731584	294.218386	951.537285	203.394667	196.621157	
8.820000	69.963202	11.773261	7.522573	25.789525	40.329574	0.172688	23.271691	-71.362618	294.735816	950.837578	203.510398	196.553580	
8.830000	70.062013	11.794016	7.536162	25.821682	40.355188	0.187469	23.052436	-70.992816	295.239372	950.137685	203.629348	196.482833	
8.840000	70.160628	11.814740	7.549714	25.853811	40.380893	0.202543	22.846908	-70.622223	295.729859	949.437639	203.751540	196.408925	
8.850000	70.259042	11.835433	7.563230	25.885912	40.406686	0.217906	22.654367	-70.250881	296.208026	948.737473	203.876997	196.331867	
8.860000	70.357252	11.856093	7.576708	25.917984	40.432568	0.233554	22.474125	-69.878830	296.674568	948.037219	204.005742	196.251670	
8.870000	70.455255	11.876719	7.590148	25.950026	40.458538	0.249485	22.305542	-69.506104	297.130136	947.336912	204.137796	196.168345	
8.880000	70.553046	11.897310	7.603551	25.982038	40.484594	0.265693	22.148022	-69.132740	297.575333	946.636584	204.273182	196.081905	
8.890000	70.650621	11.917864	7.616915	26.014020	40.510734	0.282176	22.001010	-68.758768	298.010724	945.936268	204.411922	195.992362	
8.900000	70.747979	11.938381	7.630241	26.045971	40.536959	0.298929	21.863986	-68.384219	298.436837	945.235998	204.554038	195.899729	
8.910000	70.845114	11.958858	7.643529	26.077891	40.563266	0.315948	21.736466	-68.009120	298.854165	944.535807	204.699554	195.804018	
8.920000	70.942023	11.979295	7.656777	26.109778	40.589654	0.333230	21.617996	-67.633499	299.263171	943.835729	204.848489	195.705243	
8.930000	71.038703	11.999691	7.669985	26.141632	40.616121	0.350769	21.508154	-67.257381	299.664288	943.135799	205.000867	195.603420	
8.940000	71.135150	12.020044	7.683154	26.173453	40.642665	0.368564	21.406541	-66.880789	300.057922	942.436049	205.156708	195.498560	
8.950000	71.231360	12.040354	7.696282	26.205240	40.669285	0.386608	21.312785	-66.503745	300.444454	941.736514	205.316035	195.390681	
8.960000	71.327330	12.060619	7.709370	26.236991	40.695980	0.404899	21.226538	-66.126271	300.824244	941.037228	205.478868	195.279796	
8.970000	71.423056	12.080839	7.722416	26.268706	40.722746	0.423433	21.147471	-65.748387	301.197627	940.338225	205.645229	195.165922	
8.980000	71.518535	12.101012	7.735421	26.300384	40.749583	0.442204	21.075277	-65.370112	301.564923	939.639540	205.815138	195.049075	
8.990000	71.613763	12.121137	7.748384	26.332024	40.776489	0.461209	21.009665	-64.991464	301.926428	938.941207	205.988618	194.929271	
9.000000	71.708737	12.141214	7.761305	26.363625	40.803461	0.480445	20.950363	-64.612461	302.282427	938.243260	206.165687	194.806528	
9.010000	71.803452	12.161242	7.774182	26.395186	40.830499	0.499906	20.897115	-64.233119	302.633184	937.545734	206.346367	194.680862	
9.020000	71.897907	12.181219	7.787017	26.426705	40.857599	0.519589	20.849679	-63.853454	302.978952	936.848665	206.530678	194.552292	
9.030000	71.992096	12.201146	7.799807	26.458182	40.884762	0.539491	20.807826	-63.473482	303.319968	936.152086	206.718640	194.420836	
9.040000	72.086016	12.221020	7.812553	26.489615	40.911983	0.559605	20.771342	-63.093217	303.656457	935.456032	206.910274	194.286512	
9.050000	72.179664	12.240842	7.825254	26.521003	40.939263	0.579930	20.740024	-62.712674	303.988631	934.760539	207.105598	194.149340	
9.060000	72.273037	12.260611	7.837909	26.552344	40.966599	0.600460	20.713679	-62.331864	304.316693	934.065642	207.304632	194.009338	
9.070000	72.366131	12.280325	7.850519	26.583637	40.993989	0.621193	20.692127	-61.950803	304.640834	933.371375	207.507397	193.866528	
9.080000	72.458942	12.299985	7.863082	26.614881	41.021432	0.642123	20.675195	-61.569503	304.961235	932.677773	207.713909	193.720930	
9.090000	72.551467	12.319590	7.875599	26.646074	41.048926	0.663247	20.662722	-61.187974	305.278068	931.984873	207.924190	193.572564	
9.100000	72.643702	12.339138	7.888067	26.677214	41.076470	0.684561	20.654554	-60.806231	305.591498	931.292708	208.138256	193.421451	
9.110000	72.735644	12.358630	7.900488	26.708299	41.104063	0.706061	20.650545	-60.424283	305.901680	930.601315	208.356128	193.267614	
9.120000	72.827290	12.378065	7.912860	26.739329	41.131702	0.727743	20.650558	-60.042142	306.208762	929.910728	208.577822	193.111074	
9.130000	72.918636	12.397442	7.925183	26.770301	41.159386	0.749604	20.654461	-59.659819	306.512885	929.220984	208.803357	192.951854	
9.140000	73.009678	12.416761	7.937456	26.801213	41.187115	0.771640	20.662130	-59.277325	306.814185	928.532117	209.032750	192.789977	
9.150000	73.100413	12.436022	7.949679	26.832063	41.214887	0.793847	20.673447	-58.894669	307.112788	927.844163	209.266019	192.625466	
9.160000	73.190838	12.455224	7.961850	26.862850	41.242701	0.816222	20.688302	-58.511862	307.408818	927.157157	209.503182	192.458346	
9.170000	73.280950	12.474366	7.973971	26.893572	41.270556	0.838761	20.706586	-58.128914	307.702391	926.471135	209.744254	192.288639	
9.180000	73.370744	12.493449	7.986039	26.924226	41.298449	0.861460	20.728200	-57.745833	307.993619	925.786133	209.989254	192.116372	
9.190000	73.460218	12.512471	7.998056	26.954811	41.326381	0.884317	20.753047	-57.362630	308.282608	925.102185	210.238196	191.941568	
9.200000	73.549368	12.531433	8.010019	26.985324	41.354351	0.907327	20.781036	-56.979314	308.569461	924.419328	210.491098	191.764254	
9.210000	73.638191	12.550335	8.021928	27.015763	41.382356	0.930487	20.812080	-56.595893	308.854276	923.737597	210.747975	191.584456	
9.220000	73.726683	12.569175	8.033784	27.046126	41.410396	0.953795	20.846096	-56.212377	309.137145	923.057027	211.008843	191.402200	
9.230000	73.814842	12.587955	8.045585	27.076411	41.438471	0.977246	20.883006	-55.828775	309.418158	922.377654	211.273717	191.217512	
9.240000	73.902663	12.606673	8.057331	27.106616	41.466578	1.000838	20.922734	-55.445095	309.697402	921.699514	211.542611	191.030420	
9.250000	73.990144	12.625329	8.069022	27.136738	41.494717	1.024569	20.965208	-55.061345	309.974960	921.022642	211.815542	190.840952	
9.260000	74.077281	12.643924	8.080656	27.166775	41.522888	1.048434	21.010362	-54.677534	310.250909	920.347073	212.092523	190.649135	
9.270000	74.164071	12.662457	8.092235	27.196724	41.551089	1.072431	21.058129	-54.293670	310.525327	919.672844	212.373568	190.454998	
9.280000	74.250511	12.680927	8.103756	27.226584	41.579319	1.096557	21.108449	-53.909762	310.798286	918.999989	212.658691	190.258570	
9.290000	74.336597	12.699336	8.115219	27.256351	41.607577	1.120809	21.161261	-53.525818	311.069856	918.328543	212.947905	190.059880	
9.300000	74.422327	12.717682	8.126624	27.286024	41.635863	1.145186	21.216509	-53.141845	311.340107	917.658543	213.241224	189.858958	
9.310000	74.507697	12.735966	8.137971	27.315600	41.664176	1.169684	21.274140	-52.757851	311.609102	916.990024	213.538661	189.655834	
9.320000	74.592703	12.754188	8.149260	27.345076	41.692514	1.194300	21.334102	-52.373846	311.876905	916.323020	213.840228	189.450538	
9.330000	74.677344	12.772347	8.160488	27.374450	41.720878	1.219033	21.396347	-51.989835	312.143576	915.657567	214.145937	189.243102	
9.340000	74.761615	12.790444	8.171657	27.403720	41.749266	1.243880	21.460827	-51.605828	312.409173	914.993700	214.455800	189.033557	
9.350000	74.845514	12.808479	8.182765	27.432882	41.777677	1.268838	21.527498	-51.221832	312.673753	914.331455	214.769828	188.821934	
9.360000	74.929037	12.826450	8.193813	27.461935	41.806111	1.293907	21.596316	-50.837855	312.937371	913.670866	215.088033	188.608265	
9.370000	75.012181	12.844360	8.204799	27.490876	41.834567	1.319083	21.667242	-50.453904	313.200078	913.011968	215.410426	188.392584	
9.380000	75.094944	12.862207	8.215724	27.519703	41.863043	1.344365	21.740236	-50.069987	313.461927	912.354797	215.737017	188.174923	
9.390000	75.177322	12.879991	8.226587	27.548412	41.891540	1.369750	21.815262	-49.686112	313.722965	911.699386	216.067816	187.955316	
9.400000	75.259313	12.897713	8.237387	27.577001	41.920057	1.395237	21.892282	-49.302287	313.983241	911.045771	216.402833	187.733796	
9.410000	75.340912	12.915373	8.248124	27.605469	41.948592	1.420825	21.971265	-48.918519	314.242800	910.393987	216.742078	187.510397	
9.420000	75.422118	12.932970	8.258797	27.633812	41.977146	1.446511	22.052176	-48.534815	314.501688	909.744067	217.085558	187.285154	
9.430000	75.502927	12.950505	8.269407	27.662027	42.005717	1.472295	22.134985	-48.151184	314.759948	909.096046	217.433284	187.058102	
9.440000	75.583337	12.967978	8.279952	27.690113	42.034304	1.498174	22.219663	-47.767633	315.017621	908.449959	217.785263	186.829276	
9.450000	75.663345	12.985388	8.290433	27.718066	42.062907	1.524147	22.306180	-47.384170	315.274749	907.805840	218.141503	186.598711	
9.460000	75.742947	13.002737	8.300849	27.745885	42.091524	1.550213	22.394510	-47.000802	315.531370	907.163722	218.502012	186.366445	
9.470000	75.822141	13.020023	8.311199	27.773567	42.120157	1.576370	22.484627	-46.617537	315.787524	906.523640	218.866796	186.132512	
9.480000	75.900924	13.037247	8.321484	27.801110	42.148802	1.602618	22.576507	-46.234383	316.043248	905.885628	219.235864	185.896951	
9.490000	75.979293	13.054409	8.331702	27.828510	42.177461	1.628956	22.670125	-45.851347	316.298579	905.249719	219.609220	185.659798	
9.500000	76.057246	13.071509	8.341854	27.855766	42.206131	1.655382	22.765459	-45.468438	316.553550	904.615947	219.986871	185.421090	
9.510000	76.134780	13.088547	8.351938	27.882876	42.234813	1.681895	22.862487	-45.085662	316.808198	903.984345	220.368822	185.180866	
9.520000	76.211892	13.105523	8.361956	27.909837	42.263505	1.708495	22.961189	-44.703028	317.062555	903.354947	220.755080	184.939164	
9.530000	76.288580	13.122437	8.371905	27.936646	42.292208	1.735180	23.061546	-44.320544	317.316655	902.727785	221.145647	184.696023	
9.540000	76.364840	13.139289	8.381786	27.963302	42.320919	1.761951	23.163538	-43.938217	317.570529	902.102892	221.540530	184.451480	
9.550000	76.440671	13.156079	8.391599	27.989803	42.349639	1.788806	23.267148	-43.556055	317.824208	901.480302	221.939731	184.205577	
9.560000	76.516069	13.172808	8.401343	28.016145	42.378366	1.815745	23.372358	-43.174066	318.077722	900.860047	222.343254	183.958352	
9.570000	76.591033	13.189474	8.411018	28.042328	42.407101	1.842767	23.479152	-42.792259	318.331103	900.242159	222.751103	183.709845	
9.580000	76.665559	13.206078	8.420623	28.068348	42.435842	1.869872	23.587515	-42.410641	318.584377	899.626671	223.163279	183.460097	
9.590000	76.739646	13.222621	8.430159	28.094205	42.464588	1.897059	23.697432	-42.029220	318.837574	899.013614	223.579786	183.209149	
9.600000	76.813290	13.239101	8.439624	28.119895	42.493339	1.924328	23.808890	-41.648004	319.090722	898.403021	224.000625	182.957041	
9.610000	76.886490	13.255519	8.449018	28.145418	42.522094	1.951678	23.921874	-41.267002	319.343848	897.794923	224.425797	182.703814	
9.620000	76.959243	13.271875	8.458342	28.170770	42.550853	1.979110	24.036371	-40.886222	319.596977	897.189352	224.855304	182.449511	
9.630000	77.031546	13.288168	8.467594	28.195951	42.579615	2.006623	24.152371	-40.505672	319.850137	896.586338	225.289145	182.194174	
9.640000	77.103398	13.304399	8.476775	28.220958	42.608378	2.034216	24.269861	-40.125360	320.103353	895.985913	225.727322	181.937844	
9.650000	77.174796	13.320568	8.485884	28.245790	42.637144	2.061890	24.388831	-39.745295	320.356649	895.388109	226.169833	181.680564	
9.660000	77.245738	13.336674	8.494921	28.270445	42.665910	2.089645	24.509270	-39.365485	320.610051	894.792954	226.616678	181.422377	
9.670000	77.316221	13.352716	8.503885	28.294922	42.694676	2.117480	24.631168	-38.985939	320.863582	894.200480	227.067855	181.163327	
9.680000	77.386245	13.368696	8.512777	28.319219	42.723442	2.145395	24.754517	-38.606666	321.117266	893.610717	227.523364	180.903456	
9.690000	77.455805	13.384613	8.521595	28.343334	42.752206	2.173390	24.879307	-38.227673	321.371127	893.023695	227.983201	180.642809	
9.700000	77.524901	13.400466	8.530340	28.367266	42.780969	2.201465	25.005532	-37.848971	321.625187	892.439444	228.447364	180.381430	
9.710000	77.593531	13.416256	8.539011	28.391013	42.809729	2.229621	25.133181	-37.470566	321.879469	891.857992	228.915851	180.119362	
9.720000	77.661692	13.431981	8.547609	28.414575	42.838487	2.257856	25.262250	-37.092470	322.133995	891.279369	229.388656	179.856652	
9.730000	77.729382	13.447642	8.556132	28.437950	42.867241	2.286171	25.392730	-36.714690	322.388786	890.703604	229.865778	179.593342	
9.740000	77.796600	13.463239	8.564581	28.461137	42.895991	2.314567	25.524616	-36.337235	322.643865	890.130726	230.347210	179.329479	
9.750000	77.863343	13.478771	8.572955	28.484134	42.924736	2.343043	25.657901	-35.960115	322.899251	889.560763	230.832949	179.065109	
9.760000	77.929611	13.494238	8.581254	28.506942	42.953475	2.371598	25.792581	-35.583339	323.154967	888.993743	231.322989	178.800276	
9.770000	77.995400	13.509639	8.589478	28.529558	42.982209	2.400234	25.928649	-35.206915	323.411032	888.429693	231.817323	178.535026	
9.780000	78.060709	13.524975	8.597626	28.551981	43.010936	2.428950	26.066102	-34.830855	323.667467	887.868642	232.315946	178.269406	
9.790000	78.125538	13.540244	8.605698	28.574212	43.039657	2.457746	26.204935	-34.455166	323.924291	887.310617	232.818852	178.003463	
9.800000	78.189882	13.555447	8.613695	28.596249	43.068369	2.486622	26.345144	-34.079858	324.181525	886.755644	233.326031	177.737242	
9.810000	78.253743	13.570582	8.621615	28.618091	43.097074	2.515578	26.486726	-33.704942	324.439188	886.203750	233.837478	177.470791	
9.820000	78.317117	13.585651	8.629458	28.639738	43.125770	2.544613	26.629677	-33.330426	324.697299	885.654962	234.353183	177.204157	
9.830000	78.380003	13.600651	8.637226	28.661188	43.154457	2.573729	26.773994	-32.956320	324.955878	885.109306	234.873138	176.937386	
9.840000	78.442399	13.615583	8.644916	28.682443	43.183134	2.602925	26.919675	-32.582636	325.214942	884.566807	235.397334	176.670527	
9.850000	78.504305	13.630445	8.652529	28.703500	43.211802	2.632200	27.066718	-32.209381	325.474510	884.027491	235.925762	176.403628	
9.860000	78.565718	13.645239	8.660065	28.724361	43.240458	2.661554	27.215121	-31.836567	325.734602	883.491382	236.458410	176.136735	
9.870000	78.626638	13.659962	8.667523	28.745023	43.269104	2.690988	27.364881	-31.464204	325.995234	882.958506	236.995269	175.869897	
9.880000	78.687063	13.674615	8.674903	28.765488	43.297738	2.720501	27.515999	-31.092301	326.256425	882.428887	237.536327	175.603163	
9.890000	78.746992	13.689197	8.682206	28.785754	43.326360	2.750093	27.668472	-30.720870	326.518193	881.902550	238.081572	175.336581	
9.900000	78.806423	13.703707	8.689431	28.805822	43.354970	2.779764	27.822300	-30.349921	326.780556	881.379517	238.630994	175.070200	
9.910000	78.865355	13.718146	8.696577	28.825691	43.383567	2.809512	27.977482	-29.979463	327.043530	880.859812	239.184578	174.804068	
9.920000	78.923788	13.732511	8.703645	28.845362	43.412151	2.839339	28.134019	-29.609509	327.307134	880.343459	239.742313	174.538234	
9.930000	78.981720	13.746803	8.710635	28.864835	43.440720	2.869243	28.291911	-29.240069	327.571384	879.830480	240.304184	174.272747	
9.940000	79.039149	13.761020	8.717546	28.884109	43.469276	2.899224	28.451157	-28.871154	327.836297	879.320897	240.870178	174.007657	
9.950000	79.096076	13.775163	8.724378	28.903184	43.497817	2.929281	28.611758	-28.502774	328.101891	878.814733	241.440280	173.743013	
9.960000	79.152499	13.789231	8.731131	28.922062	43.526344	2.959414	28.773716	-28.134940	328.368181	878.312009	242.014475	173.478865	
9.970000	79.208416	13.803223	8.737804	28.940741	43.554855	2.989623	28.937031	-27.767665	328.635186	877.812746	242.592747	173.215262	
9.980000	79.263828	13.817138	8.744399	28.959223	43.583350	3.019906	29.101704	-27.400959	328.902920	877.316965	243.175081	172.952254	
9.990000	79.318733	13.830975	8.750914	28.977507	43.611830	3.050263	29.267737	-27.034834	329.171401	876.824686	243.761461	172.689890	
10.000000	79.373131	13.844734	8.757350	28.995594	43.640292	3.080693	29.435133	-26.669301	329.440644	876.335931	244.351868	172.428222	
